Time_Stamp,ID,Extended,Bus,LEN,latitude,longitude,altitude,cabin_temperature,outdoor_temperature,slope,driver_id,route_id,soc_estimation,driver_behavior,estimated_charging_time,maintenance_info,Mode_Control,Pre_charge_Status,motor_status,system_failure,charging_status,LV_Battery_rq,brake_malfunction,error_sounds,vehicle_ready,SoC,power_bar,gear_selector_st,close_lcd,Torque_Request,ControlWord,Torque_Traction_Limit,SEQ_Command1,CS_Command1,Torque_Regen_Limit,Speed_Limit_Forward,Speed_Limit_Reverse,SEQ_Command2,CS_Command2,DC_Link_Imax_Discharge,DC_Link_Imax_Recharge,DC_Link_Voltage_Target,SEQ_CurrentLimits,CS_CurrentLimits,Torque_Measured,Speed_Measured,DC_Link_Current,SEQ_Torque,CS_Torque,Torque_Available_Forward,Torque_Available_Reverse,InverterStatus,Torque_Limit_Code,SEQ_Status,CS_Status,Temperature_Remaining,MotorTemperature,DC_Link_Voltage,SEQ_Temp,CS_Temp,Encoder_pos,PACK_Q_SOC_INTERNAL,PACK_Q_SOC_TRIMMED,PACK_Q_REMAINING_HI_RES,HALL_V_HALL_V_LO,HALL_V_HALL_V_HI,PACK_I_HALL,CMU1_Cell_1,CMU1_Cell_2,CMU1_Cell_3,CMU1_Cell_4,CMU1_Cell_5,CMU1_Cell_6,CMU1_Cell_7,CMU1_Cell_8,CMU1_Cell_9,CMU1_Cell_10,CMU1_Cell_11,CMU1_Cell_12,CMU2_Cell_1,CMU2_Cell_2,CMU2_Cell_3,CMU2_Cell_4,CMU2_Cell_5,CMU2_Cell_6,CMU2_Cell_7,CMU2_Cell_8,CMU2_Cell_9,CMU2_Cell_10,CMU2_Cell_11,CMU2_Cell_12,CELL_T_MIN_ID_CMU,CELL_T_MIN_ID_CELL,CELL_T_MAX_ID_CMU,CELL_T_MAX_ID_CELL,CELL_V_MIN_ID_CMU,CELL_V_MIN_ID_CELL,CELL_V_MAX_ID_CMU,CELL_V_MAX_ID_CELL,CELL_V_MIN_VAL,CELL_V_MAX_VAL,CELL_V_AVG,CELL_T_MIN_VAL,CELL_T_MAX_VAL,PACK_Q_REMAINING_NOMINAL,PACK_Q_DESIGN,PACK_Q_FULL,PACK_V_SUM_OF_CELLS,PACK_V_EXT_LOAD,PACK_V_EXT_CHG,Balancing_Allowed,Balancing_Limit,Flags_Balancing_Active,Balancing_Balance_Setting_CMU1,Balancing_Balance_Setting_CMU2,c50001_LOAD,c50002_Charge,c50003_Pre_Charge,FLAGS_FULLY_CHARGED_LATCHED,FLAGS_LOAD_ACTIVE,FLAGS_CHARGER_ACTIVE,FLAGS_PRECHARGE_ACTIVE,FLAGS_CHARGE_REG_ACTIVE,FLAGS_FULLY_CHARGED,Dyn_Lim_I_In,Dyn_Lim_I_Out,Dyn_Lim_i2t_Remain,SOH,STATUS,IO_STATE_INPUT,IO_STATE_OUTPUT,B_WU_CAN,B_WU_IGN,CONTACTORS_ACTIVATE_CHARGE,CONTACTORS_ACTIVATE_COMBINED,CONTACTORS_ACTIVATE_LOAD,CONTACTORS_ACTIVATION_ALLOWED,CONTACTORS_CHARGER_ACTIVATED,CONTACTORS_EMERGENCY_OFF,CONTACTORS_ENABLED,CONTACTORS_LOAD_ACTIVATED,CONTACTORS_COMBINED_ACTIVATED,CONTACTORS_CONTACTOR_RETRIES,Charge_Voltage,Charge_Current,Charger_Enable,high_beam_st,low_beam_st,percenatge_on,kmh_sign_status,right_indicator,left_indicator_st,hazard_feedback,park_brake_st,charging_plug_feedback,brightness_st,brake_oil_st,ignition_on,KL15_ON,R_position_selected,D_position_selected,N_position_selected,seat_belt_st,door_switch,overload_st,DCDC_Status,FaultCode,FaultData,SEQ_Fault,CS_Fault,Debug_Temps_Junction_0,Debug_Temps_Junction_1,Debug_Temps_Junction_2,Debug_Temps_Junction_3,Debug_Temps_Junction_4,Debug_Temps_Junction_5,Debug_Temps_Motor_Measured,Debug_Temps_Motor_Estimate,Debug_Temps_Cap_Estimate_Fast,Debug_Temps_Track,Debug_Temps_Cap_Estimate_Slow,Debug_Temps_Heatsink,Debug_Temps_Delta_Tj,Debug_Temps_Normalised,Debug_Temps_Coolant,Debug_Temps_Winding,vehicle_speed,range,Throtle_Pedal,Odometer,Debug_Id_act,Debug_Iq_act,Debug_Id_ref,Debug_Iq_ref,Debug_Ud,Debug_Uq,Debug_Mod_Index,Debug_Torque_Control,Debug_max_flux,Debug_Iv_lim,Debug_Iq_max,Debug_Ls,CRITICAL_SEVERITY,NORMAL_SEVERITY,LOW_SEVERITY,ACTIVE_COUNT,Total_Number_Errors,current_load_kg
2025-01-10 16:03:22,0x00000201,False,can0,8,39.74716033333333,30.4753065,814.4,13.16,7.48,-8,user1,t_1,01:44,100,2 saat 32 dakika,['1000 km bakımı: Servise gidin.'],Load_Mode,Not_PreCharge,OFF,OFF,OFF,OFF,OFF,No error,ON,47,1,D_Posiiton,0,-9.0,5,75.0,0,0,-400.0,4700,-1100,0,0,309,-250,0.0,0,0,-9.0,2693,-48,235,184,29.75,-29.75,Enabled,2,235,244,52,7,49.75,235,69,15025.559951782228,48.24,46.59,1573,2755.3,5099.200000000001,65.10000000000001,3326.7000000000003,3332.3,3334.1000000000004,3332.2000000000003,3333.4,3341.2000000000003,3333.0,3333.6000000000004,3333.5,3326.6000000000004,0.1,55.1,3330.6000000000004,3334.1000000000004,3333.9,3332.9,3331.2000000000003,0.0,0.0,0.0,0.0,0.0,0.1,0.1,0,2,0,2,1,10,1,6,3326.6000000000004,3341.2000000000003,3332.6000000000004,4,4,157.3,326.0,326.0,50.0,225.9,225.9,1,3350.0,1,0,0,1,0,0,0,1,0,0,1,0,208.0,309.70000000000005,711480,100.0,Active,51,0,1,0,0,0,1,1,0,0,1,1,0,1,54.8,35.0,Enable,OFF,OFF,OFF,ON,OFF,OFF,OFF,OFF,OFF,Night mode,OFF,ON,ON,Not pressed,Pressed,Not pressed,OFF,OFF,OFF,0,No Fault,0,101,101,16,16,16,15,15,15,7,0,17,17,10,12,3,255,0,0,31.0,69,0,939.6,68.3125,-76.25,61.75,-78.8125,1.4375,12.3125,0.60546875,-9.0,0,0,0,0.0,0,0,0,0,0,1200
2025-01-10 16:03:23,0x191CFF71,True,can0,8,39.74716033333333,30.475215833333333,814.2,13.16,7.48,-10,user1,t_1,01:44,100,2 saat 12 dakika,['1000 km bakımı: Servise gidin.'],Load_Mode,Not_PreCharge,OFF,OFF,OFF,OFF,OFF,No error,ON,47,1,D_Posiiton,0,-11.0,5,75.0,0,0,-400.0,4700,-1100,0,0,309,-250,0.0,0,0,-11.0,2538,-58,80,87,32.5625,-32.5625,Enabled,2,80,89,52,7,50.0625,80,175,15114.448318481443,48.25,46.6,1573,2796.0,5099.400000000001,75.0,3336.7000000000003,3342.6000000000004,3343.0,3341.9,3341.8,3348.7000000000003,3341.9,3342.5,3342.5,3336.3,0.1,55.1,3339.6000000000004,3343.5,3342.4,3342.7000000000003,3339.5,0.0,0.0,0.2,0.0,0.0,0.1,0.0,0,2,0,2,1,10,1,6,3336.3,3348.7000000000003,3341.7000000000003,4,4,157.3,326.0,326.0,50.1,225.9,225.9,1,3350.0,1,0,0,1,0,0,0,1,0,0,1,0,208.0,309.70000000000005,711480,100.0,Active,51,0,1,0,0,0,1,1,0,0,1,1,0,1,54.8,35.0,Enable,OFF,OFF,OFF,ON,OFF,OFF,OFF,OFF,OFF,Night mode,OFF,ON,ON,Not pressed,Pressed,Not pressed,OFF,OFF,OFF,0,No Fault,0,106,106,16,16,16,16,16,16,7,0,17,17,10,12,3,255,0,0,29.5,69,0,939.6,70.5625,-89.625,68.5,-86.125,1.5,13.1875,0.6484375,-11.0,0,0,0,0.0,0,0,0,0,0,1200
2025-01-10 16:03:24,0x191CFF71,True,can0,8,39.747160666666666,30.4751295,814.0,13.48,7.48,-8,user1,t_1,01:44,100,2 saat 27 dakika,['1000 km bakımı: Servise gidin.'],Load_Mode,Not_PreCharge,OFF,OFF,OFF,OFF,OFF,No error,ON,47,1,D_Posiiton,0,-9.0,5,75.0,0,0,-400.0,4700,-1100,0,0,293,-250,0.0,0,0,-10.0,2368,-47,180,44,37.4375,-37.4375,Enabled,2,180,189,52,7,50.0625,180,19,15196.088973999023,48.25,46.6,1573,2764.1000000000004,5098.8,67.2,3333.6000000000004,3338.2000000000003,3338.6000000000004,3339.7000000000003,3339.0,3343.8,3339.3,3339.6000000000004,3338.2000000000003,3334.2000000000003,0.1,55.1,3336.9,3340.0,3338.8,3340.2000000000003,3337.0,0.0,0.0,0.0,0.1,0.1,0.0,0.0,0,2,0,3,1,1,1,6,3333.6000000000004,3343.8,3338.4,3,4,157.3,326.0,326.0,50.1,225.9,225.9,1,3350.0,1,0,0,1,0,0,0,1,0,0,1,0,156.0,293.40000000000003,711480,100.0,Active,51,0,1,0,0,0,1,1,0,0,1,1,0,1,54.8,35.0,Enable,OFF,OFF,OFF,ON,OFF,OFF,OFF,OFF,OFF,Night mode,OFF,ON,ON,Not pressed,Pressed,Not pressed,OFF,OFF,OFF,0,No Fault,0,111,111,17,17,17,16,16,16,7,0,17,17,10,12,4,255,0,0,27.5,69,0,939.6,67.0,-86.5,68.5,-83.875,2.125,12.75,0.62109375,-11.0,0,0,0,0.0,0,0,0,0,0,1200
2025-01-10 16:03:25,0x191171FA,True,can0,8,39.7471605,30.47504733333333,814.0,13.48,7.48,-8,user1,t_1,01:44,100,2 saat 36 dakika,['1000 km bakımı: Servise gidin.'],Load_Mode,Not_PreCharge,OFF,OFF,OFF,OFF,OFF,No error,ON,47,1,D_Posiiton,0,-10.0,5,75.0,0,0,-400.0,4700,-1100,0,0,309,-250,0.0,0,0,-10.0,2233,-45,23,9,42.0,-42.0,Enabled,2,23,32,52,7,50.125,23,119,15271.069686889648,48.25,46.6,1573,2747.4,5099.3,63.2,3331.2000000000003,3337.1000000000004,3336.6000000000004,3335.2000000000003,3334.8,3336.8,3336.6000000000004,3337.7000000000003,3336.1000000000004,3329.7000000000003,0.1,55.1,3334.4,3338.3,3336.7000000000003,3336.0,3332.6000000000004,0.0,0.0,0.1,0.0,0.1,0.0,0.1,0,2,0,2,1,10,2,2,3329.7000000000003,3338.3,3335.3,4,4,157.3,326.0,326.0,50.0,225.9,225.9,1,3350.0,1,0,0,1,0,0,0,1,0,0,1,0,208.0,309.70000000000005,711480,100.0,Active,51,0,1,0,0,0,1,1,0,0,1,1,0,1,54.8,35.0,Enable,OFF,OFF,OFF,ON,OFF,OFF,OFF,OFF,OFF,Night mode,OFF,ON,ON,Not pressed,Pressed,Not pressed,OFF,OFF,OFF,0,No Fault,0,116,116,17,17,17,17,17,17,7,0,17,17,10,12,4,255,0,0,26.0,69,0,939.6,71.0625,-76.9375,66.1875,-79.5,1.875,11.5,0.5703125,-10.0,0,0,0,0.0,0,0,0,0,0,1200
2025-01-10 16:03:26,0x191CFF71,True,can0,8,39.747161,30.474972166666667,813.4,13.8,7.48,-8,user1,t_1,01:44,100,3 saat 19 dakika,['1000 km bakımı: Servise gidin.'],Load_Mode,Not_PreCharge,OFF,OFF,OFF,OFF,OFF,No error,ON,47,1,D_Posiiton,0,-1.0,5,75.0,0,0,-400.0,4700,-1100,0,0,293,-250,0.0,0,0,-2.0,2106,-8,124,148,47.25,-47.25,Enabled,2,124,133,52,7,49.625,124,212,15344.489440917969,48.26,46.61,1573,2693.3,5099.1,49.900000000000006,3323.0,3328.9,3329.5,3328.7000000000003,3330.4,3333.4,3329.3,3329.4,3329.2000000000003,3322.8,0.1,55.1,3327.0,3330.1000000000004,3329.7000000000003,3329.2000000000003,3328.0,0.0,0.0,0.0,0.0,0.0,0.0,0.1,0,2,0,3,1,10,1,6,3322.8,3333.4,3328.5,3,4,157.3,326.0,326.0,49.900000000000006,225.9,225.9,1,3350.0,1,0,0,1,0,0,0,1,0,0,1,0,156.0,293.40000000000003,711480,100.0,Active,51,0,1,0,0,0,1,1,0,0,1,1,0,1,54.8,35.0,Enable,OFF,OFF,OFF,ON,OFF,OFF,OFF,OFF,OFF,Night mode,OFF,ON,ON,Not pressed,Pressed,Not pressed,OFF,OFF,OFF,0,No Fault,0,121,121,17,17,17,17,17,17,7,0,17,17,10,12,4,255,0,0,24.5,69,0,939.6,59.9375,-75.75,61.75,-74.5625,1.9375,10.3125,0.51953125,-9.0,0,0,0,0.0,0,0,0,0,0,1200
2025-01-10 16:03:27,0x191CFF71,True,can0,8,39.7471615,30.47490133333333,813.1,13.8,7.48,-6,user1,t_1,01:44,100,False,['1000 km bakımı: Servise gidin.'],Load_Mode,Not_PreCharge,OFF,OFF,OFF,OFF,OFF,No error,ON,47,2,D_Posiiton,0,11.0,5,75.0,0,0,-400.0,4700,-1100,0,0,293,-250,0.0,0,0,11.0,2241,68,224,157,41.3125,-41.3125,Enabled,2,224,233,52,7,48.875,224,44,15416.950317382812,48.26,46.61,1573,2291.6,5098.8,-48.400000000000006,3261.0,3266.4,3263.8,3266.6000000000004,3265.9,3262.7000000000003,3265.2000000000003,3265.0,3264.5,3260.5,0.2,55.1,3266.9,3266.6000000000004,3265.8,3266.2000000000003,3263.2000000000003,0.0,0.0,0.1,0.0,0.1,0.0,0.0,0,2,0,3,1,10,2,1,3260.5,3266.9,3264.6000000000004,3,4,157.3,326.0,326.0,49.0,225.9,225.9,1,3350.0,1,0,0,1,0,0,0,1,0,0,1,0,156.0,293.40000000000003,711480,100.0,Active,51,0,1,0,0,0,1,1,0,0,1,1,0,1,54.8,35.0,Enable,OFF,OFF,OFF,ON,OFF,OFF,OFF,OFF,OFF,Night mode,OFF,ON,ON,Not pressed,Pressed,Not pressed,OFF,OFF,OFF,0,No Fault,0,126,126,16,16,16,16,16,16,7,0,17,17,10,12,4,255,0,0,26.0,69,0,939.6,68.1875,87.9375,68.5,86.5625,0.375,12.0625,0.60546875,11.0,0,0,0,0.0,0,0,0,0,0,1200
2025-01-10 16:03:28,0x191171FA,True,can0,8,39.747161,30.47482966666667,812.9,13.8,7.48,-2,user1,t_1,01:44,100,False,['1000 km bakımı: Servise gidin.'],Load_Mode,Not_PreCharge,OFF,OFF,OFF,OFF,OFF,No error,ON,47,2,D_Posiiton,0,10.0,5,75.0,0,0,-400.0,4700,-1100,0,0,293,-250,0.0,0,0,10.0,2416,67,67,159,34.0625,-34.0625,Enabled,2,67,76,52,7,48.875,67,143,15493.169158935549,48.25,46.6,1573,2291.3,5098.6,-48.400000000000006,3256.3,3261.5,3258.7000000000003,3261.5,3262.1000000000004,3257.0,3259.9,3260.4,3259.3,3255.6000000000004,0.1,55.1,3262.3,3261.9,3260.7000000000003,3260.9,3259.5,0.0,0.0,0.0,0.1,0.1,0.0,0.1,0,2,0,3,1,10,2,1,3255.6000000000004,3262.3,3259.8,3,4,157.3,326.0,326.0,48.900000000000006,225.9,225.9,1,3350.0,1,0,0,1,0,0,0,1,0,0,1,0,156.0,293.40000000000003,711480,100.0,Active,51,0,1,0,0,0,1,1,0,0,1,1,0,1,54.8,35.0,Enable,OFF,OFF,OFF,ON,OFF,OFF,OFF,OFF,OFF,Night mode,OFF,ON,ON,Not pressed,Pressed,Not pressed,OFF,OFF,OFF,0,No Fault,0,131,131,17,17,17,17,17,17,7,0,17,17,10,12,4,255,0,0,28.0,69,0,939.6,64.0,76.3125,66.1875,79.625,0.75,13.3125,0.6484375,10.0,0,0,0,0.0,0,0,0,0,0,1200
2025-01-10 16:03:29,0x191CFF71,True,can0,8,39.7471605,30.474752833333334,812.6,13.35,7.44,-2,user1,t_1,01:44,100,False,['1000 km bakımı: Servise gidin.'],Load_Mode,Not_PreCharge,OFF,OFF,OFF,OFF,OFF,No error,ON,47,2,D_Posiiton,0,9.0,5,75.0,0,0,-400.0,4700,-1100,0,0,293,-250,0.0,0,0,9.0,2586,63,168,155,31.125,-31.125,Enabled,2,168,177,52,7,48.8125,168,243,15578.447494506836,48.25,46.6,1573,2296.3,5097.900000000001,-47.2,3255.1000000000004,3260.0,3259.0,3259.7000000000003,3261.2000000000003,3254.8,3259.5,3259.1000000000004,3259.4,3253.8,0.1,55.1,3261.4,3260.7000000000003,3260.4,3259.4,3258.7000000000003,0.0,0.1,0.1,0.0,0.0,0.0,0.0,0,2,0,3,1,10,2,1,3253.8,3261.4,3258.8,3,4,157.3,326.0,326.0,48.900000000000006,225.9,225.9,1,3350.0,1,0,0,1,0,0,0,1,0,0,1,0,156.0,293.40000000000003,711480,100.0,Active,51,0,1,0,0,0,1,1,0,0,1,1,0,1,54.8,35.0,Enable,OFF,OFF,OFF,ON,OFF,OFF,OFF,OFF,OFF,Night mode,OFF,ON,ON,Not pressed,Pressed,Not pressed,OFF,OFF,OFF,0,No Fault,0,136,136,17,17,17,17,17,17,7,0,17,17,10,12,4,255,0,0,30.0,69,0,939.7,58.875,78.625,61.75,74.0625,0.625,13.0625,0.66015625,9.0,0,0,0,0.0,0,0,0,0,0,1200
2025-01-10 16:03:30,0x191CFF71,True,can0,8,39.7471605,30.4746695,812.6,13.28,7.44,0,user1,t_1,01:44,100,False,['1000 km bakımı: Servise gidin.'],Load_Mode,Not_PreCharge,OFF,OFF,OFF,OFF,OFF,No error,ON,47,2,D_Posiiton,0,8.0,5,75.0,0,0,-400.0,4700,-1100,0,0,293,-250,0.0,0,0,8.0,2736,60,12,130,28.8125,-28.8125,Enabled,2,12,21,52,7,48.6875,12,85,15667.43601989746,48.24,46.59,1573,2286.5,5098.200000000001,-49.6,3250.7000000000003,3255.1000000000004,3255.3,3256.7000000000003,3257.6000000000004,3252.9,3256.0,3254.7000000000003,3255.7000000000003,3250.5,0.1,55.1,3257.5,3256.1000000000004,3256.9,3256.2000000000003,3255.0,0.0,0.0,0.0,0.1,0.0,0.0,0.0,0,2,0,3,1,10,1,5,3250.5,3257.6000000000004,3255.1000000000004,3,4,157.3,326.0,326.0,48.8,225.9,225.9,1,3350.0,1,0,0,1,0,0,0,1,0,0,1,0,156.0,293.40000000000003,711480,100.0,Active,51,0,1,0,0,0,1,1,0,0,1,1,0,1,54.8,35.0,Enable,OFF,OFF,OFF,ON,OFF,OFF,OFF,OFF,OFF,Night mode,OFF,ON,ON,Not pressed,Pressed,Not pressed,OFF,OFF,OFF,0,No Fault,0,141,141,17,17,17,17,17,17,7,0,17,17,10,12,4,255,0,0,31.5,69,0,939.7,63.75,78.0625,61.75,75.25,-0.1875,13.875,0.6953125,9.0,0,0,0,0.0,0,0,0,0,0,1200
2025-01-10 16:03:31,0x00000201,False,can0,8,39.747160666666666,30.474581333333333,812.3,13.28,7.44,0,user1,t_1,01:44,100,False,['1000 km bakımı: Servise gidin.'],Load_Mode,Not_PreCharge,OFF,OFF,OFF,OFF,OFF,No error,ON,47,2,D_Posiiton,0,6.0,5,75.0,0,0,-400.0,4700,-1100,0,0,293,-250,0.0,0,0,6.0,2864,46,111,56,26.4375,-26.4375,Enabled,2,111,120,52,7,48.75,111,185,15759.127944946287,48.24,46.59,1573,2351.3,5099.200000000001,-33.7,3257.6000000000004,3261.2000000000003,3260.8,3262.4,3262.7000000000003,3259.9,3262.9,3261.0,3261.4,3256.6000000000004,0.1,55.1,3263.9,3262.6000000000004,3262.6000000000004,3262.0,3260.1000000000004,0.0,0.0,0.0,0.1,0.0,0.0,0.0,0,2,0,3,1,10,2,1,3256.6000000000004,3263.9,3261.1000000000004,3,4,157.3,326.0,326.0,48.900000000000006,225.9,225.9,1,3350.0,1,0,0,1,0,0,0,1,0,0,1,0,156.0,293.40000000000003,711480,100.0,Active,51,0,1,0,0,0,1,1,0,0,1,1,0,1,54.8,35.0,Enable,OFF,OFF,OFF,ON,OFF,OFF,OFF,OFF,OFF,Night mode,OFF,ON,ON,Not pressed,Pressed,Not pressed,OFF,OFF,OFF,0,No Fault,0,146,146,17,17,17,17,17,17,7,0,17,17,10,12,4,255,0,0,33.0,69,0,939.7,50.0625,56.75,48.4375,57.9375,0.1875,12.4375,0.6015625,6.0,0,0,0,0.0,0,0,0,0,0,1200
2025-01-10 16:03:32,0x191CFF71,True,can0,8,39.7471605,30.474489,812.1,13.12,7.44,-2,user1,t_1,01:44,100,14 saat 12 dakika,['1000 km bakımı: Servise gidin.'],Load_Mode,Not_PreCharge,OFF,OFF,OFF,OFF,OFF,No error,ON,47,1,D_Posiiton,0,-5.0,5,75.0,0,0,-400.0,4700,-1100,0,0,309,-250,0.0,0,0,-4.0,2910,-24,212,227,25.75,-25.75,Enabled,2,212,221,52,7,49.5625,212,43,15857.791534423828,48.23,46.58,1573,2537.1000000000004,5098.900000000001,11.8,3285.3,3290.7000000000003,3290.7000000000003,3290.9,3290.8,3290.5,3290.1000000000004,3290.4,3290.8,3285.1000000000004,0.1,55.1,3290.4,3291.8,3291.6000000000004,3290.9,3288.4,0.0,0.1,0.0,0.1,0.0,0.0,0.0,0,2,0,2,1,10,2,2,3285.1000000000004,3291.8,3289.8,4,4,157.3,326.0,326.0,49.3,225.9,225.9,1,3350.0,1,0,0,1,0,0,0,1,0,0,1,0,208.0,309.70000000000005,711480,100.0,Active,51,0,1,0,0,0,1,1,0,0,1,1,0,1,54.8,35.0,Enable,OFF,OFF,OFF,ON,OFF,OFF,OFF,OFF,OFF,Night mode,OFF,ON,ON,Not pressed,Pressed,Not pressed,OFF,OFF,OFF,0,No Fault,0,151,151,16,16,16,16,16,16,7,0,17,17,10,12,4,255,0,0,34.0,69,0,939.7,28.1875,13.125,26.25,13.875,0.9375,8.5625,0.42578125,1.0,0,0,0,0.0,0,0,0,0,0,1200
2025-01-10 16:03:33,0x00000401,False,can0,3,39.74716,30.474394333333333,811.9,13.12,7.44,-2,user1,t_1,01:44,100,2 saat 44 dakika,['1000 km bakımı: Servise gidin.'],Load_Mode,Not_PreCharge,OFF,OFF,OFF,OFF,OFF,No error,ON,47,1,D_Posiiton,0,-9.0,5,75.0,0,0,-400.0,4700,-1100,0,0,309,-250,0.0,0,0,-9.0,2805,-54,56,111,27.5625,-27.5625,Enabled,2,56,65,52,7,50.0625,56,151,15951.45004272461,48.24,46.59,1573,2737.1000000000004,5098.8,60.6,3322.0,3326.9,3328.0,3326.6000000000004,3327.2000000000003,3334.7000000000003,3327.3,3327.7000000000003,3327.4,3321.0,0.1,55.1,3325.6000000000004,3328.6000000000004,3328.0,3327.0,3324.7000000000003,0.0,0.0,0.0,0.0,0.0,0.0,0.0,0,2,0,2,1,10,1,6,3321.0,3334.7000000000003,3326.8,4,4,157.3,326.0,326.0,49.900000000000006,225.9,225.9,1,3350.0,1,0,0,1,0,0,0,1,0,0,1,0,208.0,309.70000000000005,711480,100.0,Active,51,0,1,0,0,0,1,1,0,0,1,1,0,1,54.8,35.0,Enable,OFF,OFF,OFF,ON,OFF,OFF,OFF,OFF,OFF,Night mode,OFF,ON,ON,Not pressed,Pressed,Not pressed,OFF,OFF,OFF,0,No Fault,0,156,156,16,16,16,15,15,15,7,0,17,17,10,12,3,255,0,0,32.5,69,0,939.7,67.5,-79.5,61.75,-79.5625,2.5,13.375,0.66796875,-9.0,0,0,0,0.0,0,0,0,0,0,1200
2025-01-10 16:03:34,0x00000203,False,can0,8,39.7471605,30.4743,811.6,13.24,7.44,-6,user1,t_1,01:44,100,2 saat 11 dakika,['1000 km bakımı: Servise gidin.'],Load_Mode,Not_PreCharge,OFF,OFF,OFF,OFF,OFF,No error,ON,47,1,D_Posiiton,0,-10.0,5,75.0,0,0,-400.0,4700,-1100,0,0,309,-250,0.0,0,0,-10.0,2681,-55,156,70,29.75,-29.75,Enabled,2,155,164,52,7,50.0625,155,250,16042.99380493164,48.24,46.59,1573,2798.1000000000004,5099.400000000001,75.5,3333.0,3338.7000000000003,3340.0,3337.5,3337.5,3347.2000000000003,3339.4,3339.8,3339.7000000000003,3332.0,0.1,55.1,3336.5,3340.6000000000004,3339.9,3338.1000000000004,3335.3,0.0,0.0,0.0,0.0,0.1,0.0,0.0,0,2,0,2,1,10,1,6,3332.0,3347.2000000000003,3338.3,4,4,157.3,326.0,326.0,50.1,225.9,225.9,1,3350.0,1,0,0,1,0,0,0,1,0,0,1,0,208.0,309.70000000000005,711480,100.0,Active,51,0,1,0,0,0,1,1,0,0,1,1,0,1,54.8,35.0,Enable,OFF,OFF,OFF,ON,OFF,OFF,OFF,OFF,OFF,Night mode,OFF,ON,ON,Not pressed,Pressed,Not pressed,OFF,OFF,OFF,0,No Fault,0,161,161,16,16,16,16,16,16,7,0,17,17,10,12,3,255,0,0,31.0,69,0,939.7,73.8125,-80.5,66.125,-82.0,1.5,13.6875,0.671875,-10.0,0,0,0,0.0,0,0,0,0,0,1200
2025-01-10 16:03:35,0x191CFF71,True,can0,8,39.74716133333333,30.47421,811.2,13.24,7.44,-10,user1,t_1,01:44,100,2 saat 44 dakika,['1000 km bakımı: Servise gidin.'],Load_Mode,Not_PreCharge,OFF,OFF,OFF,OFF,OFF,No error,ON,47,1,D_Posiiton,0,-9.0,5,75.0,0,0,-400.0,4700,-1100,0,0,293,-250,0.0,0,0,-9.0,2399,-43,13,171,36.0,-36.0,Enabled,2,13,9,52,7,49.8125,12,91,16129.992294311523,48.24,46.59,1573,2736.5,5099.900000000001,60.400000000000006,3328.7000000000003,3335.3,3335.1000000000004,3335.1000000000004,3334.2000000000003,3336.7000000000003,3333.5,3335.4,3334.8,3329.3,0.1,55.1,3331.9,3336.3,3335.2000000000003,3335.5,3331.9,0.0,0.0,0.0,0.1,0.0,0.0,0.0,0,2,0,3,1,1,1,6,3328.7000000000003,3336.7000000000003,3333.9,3,4,157.3,326.0,326.0,50.0,225.9,225.9,1,3350.0,1,0,0,1,0,0,0,1,0,0,1,0,156.0,293.40000000000003,711480,100.0,Active,51,0,1,0,0,0,1,1,0,0,1,1,0,1,54.8,35.0,Enable,OFF,OFF,OFF,ON,OFF,OFF,OFF,OFF,OFF,Night mode,OFF,ON,ON,Not pressed,Pressed,Not pressed,OFF,OFF,OFF,0,No Fault,0,166,166,17,17,17,16,17,17,7,0,17,17,10,12,4,255,0,0,28.0,69,0,939.7,57.0,-70.625,61.75,-74.0625,2.375,11.75,0.58984375,-9.0,0,0,0,0.0,0,0,0,0,0,1200
2025-01-10 16:03:36,0x191CFF71,True,can0,8,39.7471625,30.474127166666666,810.8,13.58,7.44,-8,user1,t_1,01:44,100,2 saat 48 dakika,['1000 km bakımı: Servise gidin.'],Load_Mode,Not_PreCharge,OFF,OFF,OFF,OFF,OFF,No error,ON,47,1,D_Posiiton,0,-11.0,5,75.0,0,0,-400.0,4700,-1100,0,0,309,-250,0.0,0,0,-11.0,2207,-49,100,40,43.375,-43.375,Enabled,2,100,109,52,7,49.9375,100,193,16205.714981079102,48.25,46.6,1573,2730.5,5099.200000000001,59.0,3328.6000000000004,3334.8,3334.9,3334.9,3335.3,3338.3,3333.9,3335.5,3334.7000000000003,3329.3,0.1,55.1,3332.1000000000004,3336.0,3335.1000000000004,3335.5,3333.1000000000004,0.0,0.1,0.0,0.0,0.0,0.0,0.0,0,2,0,2,1,1,1,6,3328.6000000000004,3338.3,3334.1000000000004,4,4,157.3,326.0,326.0,50.0,225.9,225.9,1,3350.0,1,0,0,1,0,0,0,1,0,0,1,0,208.0,309.70000000000005,711480,100.0,Active,51,0,1,0,0,0,1,1,0,0,1,1,0,1,54.8,35.0,Enable,OFF,OFF,OFF,ON,OFF,OFF,OFF,OFF,OFF,Night mode,OFF,ON,ON,Not pressed,Pressed,Not pressed,OFF,OFF,OFF,0,No Fault,0,171,171,17,17,17,17,17,17,7,0,17,17,10,12,4,255,0,0,25.5,69,0,939.7,70.0,-82.5,66.125,-80.0625,2.125,11.8125,0.57421875,-10.0,0,0,0,0.0,0,0,0,0,0,1200
2025-01-10 16:03:37,0x191071FA,True,can0,8,39.74716266666667,30.474052166666667,810.6,13.58,7.44,-6,user1,t_1,01:44,100,False,['1000 km bakımı: Servise gidin.'],Load_Mode,Not_PreCharge,OFF,OFF,OFF,OFF,OFF,No error,ON,47,2,D_Posiiton,0,11.0,5,75.0,0,0,-400.0,4700,-1100,0,0,309,-250,0.0,0,0,10.0,2153,58,200,19,46.0,-46.0,Enabled,2,200,209,52,7,49.0625,199,22,16276.204177856443,48.25,46.6,1573,2464.2000000000003,5099.8,-6.1000000000000005,3290.9,3296.1000000000004,3296.5,3296.3,3295.9,3294.8,3296.1000000000004,3295.8,3296.4,3290.5,0.1,55.1,3295.9,3296.9,3297.1000000000004,3296.6000000000004,3293.4,0.0,0.0,0.0,0.0,0.0,0.0,0.0,0,2,0,2,1,10,2,3,3290.5,3297.1000000000004,3295.2000000000003,4,4,157.3,326.0,326.0,49.400000000000006,225.9,225.9,1,3350.0,1,0,0,1,0,0,0,1,0,0,1,0,208.0,309.70000000000005,711480,100.0,Active,51,0,1,0,0,0,1,1,0,0,1,1,0,1,54.8,35.0,Enable,OFF,OFF,OFF,ON,OFF,OFF,OFF,OFF,OFF,Night mode,OFF,ON,ON,Not pressed,Pressed,Not pressed,OFF,OFF,OFF,0,No Fault,0,176,176,17,17,17,17,17,17,7,0,17,17,10,12,4,255,0,0,25.0,69,0,939.7,57.0625,88.4375,57.3125,90.8125,0.1875,8.25,0.41015625,8.0,0,0,0,0.0,0,0,0,0,0,1200
2025-01-10 16:03:38,0x191CFF71,True,can0,8,39.74716283333333,30.473982,810.0,13.29,7.44,-4,user1,t_1,01:44,100,False,['1000 km bakımı: Servise gidin.'],Load_Mode,Not_PreCharge,OFF,OFF,OFF,OFF,OFF,No error,ON,47,2,D_Posiiton,0,6.0,5,75.0,0,0,-400.0,4700,-1100,0,0,293,-250,0.0,0,0,7.0,2328,44,44,233,37.5625,-37.5625,Enabled,2,44,53,52,7,48.875,44,120,16352.67300415039,48.25,46.6,1573,2287.7000000000003,5099.200000000001,-49.3,3256.0,3259.8,3256.6000000000004,3259.7000000000003,3260.4,3256.0,3260.1000000000004,3258.5,3257.3,3253.7000000000003,0.1,55.1,3261.9,3260.1000000000004,3258.8,3259.3,3257.7000000000003,0.0,0.0,0.0,0.0,0.0,0.1,0.0,0,2,0,3,1,10,2,1,3253.7000000000003,3261.9,3258.3,3,4,157.3,326.0,326.0,48.900000000000006,225.9,225.9,1,3350.0,1,0,0,1,0,0,0,1,0,0,1,0,156.0,293.40000000000003,711480,100.0,Active,51,0,1,0,0,0,1,1,0,0,1,1,0,1,54.8,35.0,Enable,OFF,OFF,OFF,ON,OFF,OFF,OFF,OFF,OFF,Night mode,OFF,ON,ON,Not pressed,Pressed,Not pressed,OFF,OFF,OFF,0,No Fault,0,181,181,17,17,17,17,17,17,7,0,17,17,10,12,4,255,0,0,27.0,69,0,939.7,62.3125,86.75,70.8125,90.6875,0.75,13.4375,0.6640625,12.0,0,0,0,0.0,0,0,0,0,0,1200
2025-01-10 16:03:39,0x191CFF71,True,can0,8,39.7471625,30.47390783333333,809.6,13.29,7.44,-6,user1,t_1,01:44,100,2 saat 56 dakika,['1000 km bakımı: Servise gidin.'],Load_Mode,Not_PreCharge,OFF,OFF,OFF,OFF,OFF,No error,ON,47,1,D_Posiiton,0,-9.0,5,75.0,0,0,-400.0,4700,-1100,0,0,293,-250,0.0,0,0,-9.0,2278,-40,144,196,40.8125,-40.8125,Enabled,2,144,153,52,7,49.875,144,236,16429.90510559082,48.25,46.6,1573,2719.5,5098.5,56.3,3322.8,3328.2000000000003,3330.2000000000003,3329.5,3328.2000000000003,3330.9,3328.8,3329.2000000000003,3329.9,3323.8,0.1,55.1,3326.7000000000003,3330.0,3330.1000000000004,3330.0,3326.0,0.0,0.0,0.0,0.0,0.0,0.1,0.0,0,2,0,3,1,1,1,6,3322.8,3330.9,3328.2000000000003,3,4,157.3,326.0,326.0,49.900000000000006,225.9,225.9,1,3350.0,1,0,0,1,0,0,0,1,0,0,1,0,156.0,293.40000000000003,711480,100.0,Active,51,0,1,0,0,0,1,1,0,0,1,1,0,1,54.8,35.0,Enable,OFF,OFF,OFF,ON,OFF,OFF,OFF,OFF,OFF,Night mode,OFF,ON,ON,Not pressed,Pressed,Not pressed,OFF,OFF,OFF,0,No Fault,0,186,186,17,17,17,17,17,17,8,0,17,17,10,12,4,255,0,0,26.5,69,0,939.7,60.375,-79.5,61.75,-76.625,2.0625,10.75,0.52734375,-9.0,0,0,0,0.0,0,0,0,0,0,1200
2025-01-10 16:03:40,0x00000A00,True,can0,8,39.74716183333334,30.47383183333333,809.4,13.29,7.44,-6,user1,t_1,01:44,100,2 saat 56 dakika,['1000 km bakımı: Servise gidin.'],Load_Mode,Not_PreCharge,OFF,OFF,OFF,OFF,OFF,No error,ON,47,1,D_Posiiton,0,-9.0,5,75.0,0,0,-400.0,4700,-1100,0,0,293,-250,0.0,0,0,-9.0,2160,-39,244,179,45.0,-45.0,Enabled,2,243,252,52,8,49.875,243,80,16502.15982055664,48.25,46.6,1573,2718.4,5099.3,56.1,3325.0,3330.9,3331.5,3329.8,3329.9,3336.6000000000004,3330.8,3331.2000000000003,3331.2000000000003,3324.2000000000003,0.1,55.1,3328.7000000000003,3332.1000000000004,3331.5,3330.5,3327.5,0.0,0.0,0.1,0.0,0.0,0.0,0.0,0,2,0,3,1,10,1,6,3324.2000000000003,3336.6000000000004,3330.0,3,4,157.3,326.0,326.0,50.0,225.9,225.9,1,3350.0,1,0,0,1,0,0,0,1,0,0,1,0,156.0,293.40000000000003,711480,100.0,Active,51,0,1,0,0,0,1,1,0,0,1,1,0,1,54.8,35.0,Enable,OFF,OFF,OFF,ON,OFF,OFF,OFF,OFF,OFF,Night mode,OFF,ON,ON,Not pressed,Pressed,Not pressed,OFF,OFF,OFF,0,No Fault,0,191,191,17,17,17,17,17,17,7,0,17,17,10,12,4,255,0,0,25.0,69,0,939.7,61.5625,-77.125,61.75,-75.3125,2.1875,10.875,0.54296875,-9.0,0,0,0,0.0,0,0,0,0,0,1200
2025-01-10 16:03:41,0x191CFF71,True,can0,8,39.7471605,30.473758166666663,809.4,13.29,7.44,-8,user1,t_1,01:44,100,3 saat 10 dakika,['1000 km bakımı: Servise gidin.'],Load_Mode,Not_PreCharge,OFF,OFF,OFF,OFF,OFF,No error,ON,47,1,D_Posiiton,0,-9.0,5,75.0,0,0,-400.0,4700,-1100,0,0,293,-250,0.0,0,0,-9.0,2018,-36,88,139,50.75,-50.75,Enabled,2,88,97,52,8,50.0,88,183,16573.17613220215,48.25,46.6,1573,2702.1000000000004,5099.3,52.1,3325.1000000000004,3331.1000000000004,3331.0,3331.5,3331.4,3333.8,3330.6000000000004,3331.6000000000004,3330.8,3325.8,0.1,55.1,3328.6000000000004,3332.2000000000003,3331.2000000000003,3331.9,3329.3,0.1,0.1,0.0,0.0,0.0,0.0,0.0,0,2,0,3,1,1,1,6,3325.1000000000004,3333.8,3330.3,3,4,157.3,326.0,326.0,50.0,225.9,225.9,1,3350.0,1,0,0,1,0,0,0,1,0,0,1,0,156.0,293.40000000000003,711480,100.0,Active,51,0,1,0,0,0,1,1,0,0,1,1,0,1,54.8,35.0,Enable,OFF,OFF,OFF,ON,OFF,OFF,OFF,OFF,OFF,Night mode,OFF,ON,ON,Not pressed,Pressed,Not pressed,OFF,OFF,OFF,0,No Fault,0,196,196,17,17,17,17,17,17,7,0,17,17,10,12,4,255,0,0,23.5,69,0,939.7,64.0625,-77.8125,61.75,-75.3125,1.875,10.125,0.50390625,-9.0,0,0,0,0.0,0,0,0,0,0,1200
2025-01-10 16:03:42,0x00000401,False,can0,3,39.747159333333336,30.473688166666665,809.5,13.21,7.44,-10,user1,t_1,01:44,100,3 saat 25 dakika,['1000 km bakımı: Servise gidin.'],Load_Mode,Not_PreCharge,OFF,OFF,OFF,OFF,OFF,No error,ON,47,1,D_Posiiton,0,-9.0,5,75.0,0,0,-400.0,4700,-1100,0,0,293,-250,0.0,0,0,-9.0,1796,-31,188,22,60.75,-60.75,Enabled,2,188,197,52,8,49.875,188,25,16636.803482055664,48.26,46.61,1573,2687.2000000000003,5098.900000000001,48.400000000000006,3323.0,3329.3,3329.2000000000003,3329.0,3329.9,3333.0,3329.0,3329.6000000000004,3328.9,3323.2000000000003,0.1,55.1,3326.9,3330.3,3329.4,3329.4,3327.6000000000004,0.0,0.0,0.0,0.1,0.1,0.1,0.0,0,2,0,3,1,1,1,6,3323.0,3333.0,3328.5,3,4,157.3,326.0,326.0,49.900000000000006,225.9,225.9,1,3350.0,1,0,0,1,0,0,0,1,0,0,1,0,156.0,293.40000000000003,711480,100.0,Active,51,0,1,0,0,0,1,1,0,0,1,1,0,1,54.8,35.0,Enable,OFF,OFF,OFF,ON,OFF,OFF,OFF,OFF,OFF,Night mode,OFF,ON,ON,Not pressed,Pressed,Not pressed,OFF,OFF,OFF,0,No Fault,0,201,201,17,17,17,17,17,17,8,0,17,17,10,12,4,255,0,0,21.0,69,0,939.7,65.6875,-72.875,61.75,-75.3125,1.625,8.8125,0.44140625,-9.0,0,0,0,0.0,0,0,0,0,0,1200
2025-01-10 16:03:43,0x00000203,False,can0,8,39.747158166666665,30.47362533333333,809.3,13.21,7.44,-12,user1,t_1,01:44,100,3 saat 51 dakika,['1000 km bakımı: Servise gidin.'],Load_Mode,Not_PreCharge,OFF,OFF,OFF,OFF,OFF,No error,ON,47,1,D_Posiiton,0,-9.0,5,75.0,0,0,-400.0,4700,-1100,0,0,309,-250,0.0,0,0,-9.0,1508,-25,32,94,68.0,-68.0,Enabled,2,32,39,52,7,49.875,31,123,16690.64080810547,48.26,46.61,1573,2664.6000000000004,5099.200000000001,42.900000000000006,3320.6000000000004,3327.0,3328.0,3326.5,3326.4,3324.7000000000003,3325.8,3327.5,3327.8,3320.8,0.1,55.1,3324.5,3328.2000000000003,3328.1000000000004,3327.1000000000004,3324.2000000000003,0.0,0.1,0.0,0.0,0.0,0.1,0.0,0,2,0,2,1,1,2,2,3320.6000000000004,3328.2000000000003,3325.8,4,4,157.3,326.0,326.0,49.900000000000006,225.9,225.9,1,3350.0,1,0,0,1,0,0,0,1,0,0,1,0,208.0,309.70000000000005,711480,100.0,Active,51,0,1,0,0,0,1,1,0,0,1,1,0,1,54.8,35.0,Enable,OFF,OFF,OFF,ON,OFF,OFF,OFF,OFF,OFF,Night mode,OFF,ON,ON,Not pressed,Pressed,Not pressed,OFF,OFF,OFF,0,No Fault,0,206,206,17,17,17,17,17,17,7,0,17,17,10,12,4,255,0,0,17.5,69,0,939.7,65.625,-71.25,61.75,-73.875,1.125,7.1875,0.35546875,-9.0,0,0,0,0.0,0,0,0,0,0,1200
2025-01-10 16:03:44,0x191CFF71,True,can0,8,39.747157666666666,30.473571166666662,809.2,13.48,7.44,-14,user1,t_1,01:44,100,4 saat 23 dakika,['1000 km bakımı: Servise gidin.'],Load_Mode,Not_PreCharge,OFF,OFF,OFF,OFF,OFF,No error,ON,47,1,D_Posiiton,0,-9.0,5,75.0,0,0,-400.0,4700,-1100,0,0,309,-250,0.0,0,0,-9.0,1193,-19,132,140,68.0,-68.0,Enabled,2,132,139,52,7,49.75,132,222,16736.274871826172,48.26,46.61,1573,2644.0,5099.8,37.8,3318.8,3324.3,3325.1000000000004,3324.1000000000004,3324.0,3327.1000000000004,3324.7000000000003,3324.7000000000003,3324.8,3318.1000000000004,0.1,55.1,3322.9,3325.3,3325.3,3324.4,3321.7000000000003,0.0,0.0,0.0,0.0,0.0,0.1,0.0,0,2,0,2,1,10,1,6,3318.1000000000004,3327.1000000000004,3323.6000000000004,4,4,157.3,326.0,326.0,49.900000000000006,225.9,225.9,1,3350.0,1,0,0,1,0,0,0,1,0,0,1,0,208.0,309.70000000000005,711480,100.0,Active,51,0,1,0,0,0,1,1,0,0,1,1,0,1,54.8,35.0,Enable,OFF,OFF,OFF,ON,OFF,OFF,OFF,OFF,OFF,Night mode,OFF,ON,ON,Not pressed,Pressed,Not pressed,OFF,OFF,OFF,0,No Fault,0,211,211,17,17,17,17,17,17,7,0,18,17,10,13,4,255,0,0,13.5,69,0,939.8,64.9375,-78.3125,66.125,-79.875,1.5,6.0625,0.30859375,-10.0,0,0,0,0.0,0,0,0,0,0,1200
2025-01-10 16:03:45,0x191CFF71,True,can0,8,39.7471615,30.473527666666666,808.9,13.48,7.44,-14,user1,t_1,01:44,100,6 saat 40 dakika,['1000 km bakımı: Servise gidin.'],Load_Mode,Not_PreCharge,OFF,OFF,OFF,OFF,OFF,No error,ON,47,1,D_Posiiton,0,-5.0,5,75.0,0,0,-400.0,4700,-1100,0,0,309,-250,0.0,0,0,-5.0,1004,-8,232,125,68.0,-68.0,Enabled,2,232,239,52,7,49.625,232,64,16772.307235717773,48.26,46.61,1574,2591.9,5099.3,24.9,3310.7000000000003,3316.0,3316.3,3316.0,3315.9,3317.8,3316.1000000000004,3316.2000000000003,3316.1000000000004,3310.3,0.1,55.1,3315.0,3317.1000000000004,3316.5,3316.3,3313.5,0.0,0.0,0.0,0.0,0.0,0.1,0.0,0,2,0,2,1,10,1,6,3310.3,3317.8,3315.3,4,4,157.4,326.0,326.0,49.7,225.9,225.9,1,3350.0,1,0,0,1,0,0,0,1,0,0,1,0,208.0,309.70000000000005,711480,100.0,Active,51,0,1,0,0,0,1,1,0,0,1,1,0,1,54.8,35.0,Enable,OFF,OFF,OFF,ON,OFF,OFF,OFF,OFF,OFF,Night mode,OFF,ON,ON,Not pressed,Pressed,Not pressed,OFF,OFF,OFF,0,No Fault,0,216,216,17,17,17,17,17,17,8,0,18,18,10,12,4,255,0,0,11.5,69,0,939.8,45.125,-50.875,44.0,-50.8125,0.6875,3.5,0.171875,-5.0,0,0,0,0.0,0,0,0,0,0,1200
2025-01-10 16:03:46,0x00000201,False,can0,8,39.7471725,30.473494666666667,808.7,13.28,7.44,-12,user1,t_1,01:44,100,8 saat 37 dakika,['1000 km bakımı: Servise gidin.'],Load_Mode,Not_PreCharge,OFF,OFF,OFF,OFF,OFF,No error,ON,47,1,D_Posiiton,0,-4.0,5,75.0,0,0,-400.0,4700,-1100,0,0,309,-250,0.0,0,0,-4.0,961,-6,76,200,68.0,-68.0,Enabled,2,76,83,52,7,49.625,75,163,16804.328826904297,48.26,46.61,1574,2568.4,5099.5,19.3,3306.9,3312.2000000000003,3312.3,3312.3,3312.2000000000003,3313.2000000000003,3312.2000000000003,3312.3,3312.2000000000003,3306.6000000000004,0.1,55.1,3311.3,3313.2000000000003,3312.8,3312.6000000000004,3309.7000000000003,0.0,0.0,0.0,0.1,0.0,0.1,0.1,0,2,0,2,1,10,1,6,3306.6000000000004,3313.2000000000003,3311.4,4,4,157.4,326.0,326.0,49.7,225.9,225.9,1,3350.0,1,0,0,1,0,0,0,1,0,0,1,0,208.0,309.70000000000005,711480,100.0,Active,51,0,1,0,0,0,1,1,0,0,1,1,0,1,54.8,35.0,Enable,OFF,OFF,OFF,ON,OFF,OFF,OFF,OFF,OFF,Night mode,OFF,ON,ON,Not pressed,Pressed,Not pressed,OFF,OFF,OFF,0,No Fault,0,221,221,17,17,17,16,16,16,8,0,18,18,10,13,4,255,0,0,11.0,69,0,939.8,40.4375,-47.1875,39.5625,-47.75,0.5,2.75,0.13671875,-4.0,0,0,0,0.0,0,0,0,0,0,1200
2025-01-10 16:03:47,0x191CFF71,True,can0,8,39.74718966666666,30.473470833333334,808.7,13.28,7.44,-8,user1,t_1,01:44,100,False,['1000 km bakımı: Servise gidin.'],Load_Mode,Not_PreCharge,OFF,OFF,OFF,OFF,OFF,No error,ON,47,2,D_Posiiton,0,15.0,5,75.0,0,0,-400.0,4700,-1100,0,0,309,-250,0.0,0,0,15.0,1087,52,176,23,68.0,-68.0,Enabled,2,176,183,52,8,49.1875,176,2,16838.46417236328,48.26,46.61,1574,2420.8,5098.8,-16.7,3283.4,3288.0,3288.2000000000003,3288.6000000000004,3288.7000000000003,3288.2000000000003,3288.7000000000003,3287.6000000000004,3288.2000000000003,3282.5,0.1,55.1,3288.7000000000003,3288.7000000000003,3289.0,3288.6000000000004,3286.2000000000003,0.0,0.0,0.0,0.0,0.0,0.0,0.1,0,2,0,2,1,10,2,3,3282.5,3289.0,3287.5,4,4,157.4,326.0,326.0,49.3,225.9,225.9,1,3350.0,1,0,0,1,0,0,0,1,0,0,1,0,208.0,309.70000000000005,711480,100.0,Active,51,0,1,0,0,0,1,1,0,0,1,1,0,1,54.8,35.0,Enable,OFF,OFF,OFF,ON,OFF,OFF,OFF,OFF,OFF,Night mode,OFF,ON,ON,Not pressed,Pressed,Not pressed,OFF,OFF,OFF,0,No Fault,0,226,226,16,16,16,16,16,16,8,0,18,17,10,13,3,255,0,0,12.5,69,0,939.8,76.1875,118.875,75.4375,119.125,0.75,6.3125,0.31640625,14.0,0,0,0,0.0,0,0,0,0,0,1200
2025-01-10 16:03:48,0x191CFF71,True,can0,8,39.74721366666667,30.47346,808.8,13.52,7.44,-6,user1,t_1,01:44,100,False,['1000 km bakımı: Servise gidin.'],Load_Mode,Not_PreCharge,OFF,OFF,OFF,OFF,OFF,No error,ON,47,2,D_Posiiton,0,13.0,5,75.0,0,0,-400.0,4700,-1100,0,0,293,-250,0.0,0,0,13.0,1288,51,20,36,68.0,-68.0,Enabled,2,20,27,52,8,49.0,20,99,16878.691299438477,48.26,46.61,1573,2359.7000000000003,5097.900000000001,-31.700000000000003,3268.9,3272.6000000000004,3272.2000000000003,3274.3,3273.3,3271.8,3273.4,3272.1000000000004,3272.6000000000004,3268.5,0.1,55.1,3274.6000000000004,3273.4,3273.7000000000003,3274.1000000000004,3270.6000000000004,0.0,0.0,0.0,0.1,0.0,0.0,0.1,0,2,0,3,1,10,2,1,3268.5,3274.6000000000004,3272.4,3,4,157.3,326.0,326.0,49.1,225.9,225.9,1,3350.0,1,0,0,1,0,0,0,1,0,0,1,0,156.0,293.40000000000003,711480,100.0,Active,51,0,1,0,0,0,1,1,0,0,1,1,0,1,54.8,35.0,Enable,OFF,OFF,OFF,ON,OFF,OFF,OFF,OFF,OFF,Night mode,OFF,ON,ON,Not pressed,Pressed,Not pressed,OFF,OFF,OFF,0,No Fault,0,231,231,17,17,17,17,17,17,7,0,18,17,10,13,3,255,0,0,14.5,69,0,939.8,75.6875,107.6875,77.75,107.75,-0.1875,8.375,0.41796875,15.0,0,0,0,0.0,0,0,0,0,0,1200
2025-01-10 16:03:49,0x191071FA,True,can0,8,39.747239666666665,30.47346733333333,809.3,13.52,7.44,-6,user1,t_1,01:44,100,False,['1000 km bakımı: Servise gidin.'],Load_Mode,Not_PreCharge,OFF,OFF,OFF,OFF,OFF,No error,ON,47,2,D_Posiiton,0,9.0,5,75.0,0,0,-400.0,4700,-1100,0,0,293,-250,0.0,0,0,9.0,1271,34,120,37,68.0,-68.0,Enabled,2,120,127,52,7,49.1875,120,201,16920.573501586914,48.26,46.61,1573,2418.2000000000003,5098.6,-17.3,3278.4,3282.9,3281.7000000000003,3283.6000000000004,3283.0,3281.8,3283.0,3282.3,3282.0,3277.5,0.1,55.1,3283.7000000000003,3283.7000000000003,3283.1000000000004,3283.3,3280.4,0.0,0.1,0.1,0.0,0.0,0.0,0.0,0,2,0,3,1,10,2,1,3277.5,3283.7000000000003,3282.0,3,4,157.3,326.0,326.0,49.2,225.9,225.9,1,3350.0,1,0,0,1,0,0,0,1,0,0,1,0,156.0,293.40000000000003,711480,100.0,Active,51,0,1,0,0,0,1,1,0,0,1,1,0,1,54.8,35.0,Enable,OFF,OFF,OFF,ON,OFF,OFF,OFF,OFF,OFF,Night mode,OFF,ON,ON,Not pressed,Pressed,Not pressed,OFF,OFF,OFF,0,No Fault,0,236,236,18,18,18,18,18,18,8,0,18,18,10,13,5,255,0,0,14.5,69,0,939.8,63.75,74.5,61.75,75.0625,0.0625,7.125,0.3515625,9.0,0,0,0,0.0,0,0,0,0,0,1200
2025-01-10 16:03:50,0x191CFF71,True,can0,8,39.74726166666667,30.473494833333334,809.4,13.66,7.39,-6,user1,t_1,01:44,100,False,['1000 km bakımı: Servise gidin.'],Load_Mode,Not_PreCharge,OFF,OFF,OFF,OFF,OFF,No error,ON,47,2,D_Posiiton,0,14.0,5,75.0,0,0,-400.0,4700,-1100,0,0,293,-250,0.0,0,0,13.0,1301,50,220,248,68.0,-68.0,Enabled,2,220,227,52,8,49.0,220,43,16964.08674621582,48.25,46.6,1573,2374.4,5098.700000000001,-28.1,3271.9,3277.3,3275.4,3276.4,3277.1000000000004,3271.4,3276.1000000000004,3276.3,3275.7000000000003,3270.5,0.1,55.1,3277.5,3277.8,3276.7000000000003,3276.0,3274.6000000000004,0.0,0.1,0.0,0.0,0.0,0.0,0.0,0,2,0,3,1,10,2,2,3270.5,3277.8,3275.3,3,4,157.3,326.0,326.0,49.1,225.9,225.9,1,3350.0,1,0,0,1,0,0,0,1,0,0,1,0,156.0,293.40000000000003,711480,100.0,Active,51,0,1,0,0,0,1,1,0,0,1,1,0,1,54.8,35.0,Enable,OFF,OFF,OFF,ON,OFF,OFF,OFF,OFF,OFF,Night mode,OFF,ON,ON,Not pressed,Pressed,Not pressed,OFF,OFF,OFF,0,No Fault,0,241,241,17,17,17,17,17,17,8,0,18,18,10,13,4,255,0,0,15.0,69,0,939.8,69.125,91.25,68.5,87.875,0.1875,7.125,0.35546875,11.0,0,0,0,0.0,0,0,0,0,0,1200
2025-01-10 16:03:51,0x191CFF71,True,can0,8,39.74727516666667,30.473531666666663,809.6,13.66,7.39,-2,user1,t_1,01:44,100,False,['1000 km bakımı: Servise gidin.'],Load_Mode,Not_PreCharge,OFF,OFF,OFF,OFF,OFF,No error,ON,47,2,D_Posiiton,0,16.0,5,75.0,0,0,-400.0,4700,-1100,0,0,293,-250,0.0,0,0,16.0,1374,64,64,228,68.0,-68.0,Enabled,2,64,71,52,8,48.875,64,141,17008.461669921875,48.25,46.6,1573,2306.3,5097.900000000001,-44.7,3258.9,3264.9,3263.9,3264.1000000000004,3265.5,3257.4,3263.4,3263.6000000000004,3264.3,3258.1000000000004,0.1,55.1,3265.1000000000004,3265.3,3265.3,3263.7000000000003,3262.9,0.0,0.0,0.0,0.0,0.0,0.1,0.1,0,2,0,3,1,6,1,5,3257.4,3265.5,3263.0,3,4,157.3,326.0,326.0,48.900000000000006,225.9,225.9,1,3350.0,1,0,0,1,0,0,0,1,0,0,1,0,156.0,293.40000000000003,711480,100.0,Active,51,0,1,0,0,0,1,1,0,0,1,1,0,1,54.8,35.0,Enable,OFF,OFF,OFF,ON,OFF,OFF,OFF,OFF,OFF,Night mode,OFF,ON,ON,Not pressed,Pressed,Not pressed,OFF,OFF,OFF,0,No Fault,0,246,246,18,18,18,18,18,18,8,0,18,18,10,13,5,255,0,0,15.5,69,0,939.8,81.125,112.375,80.0625,112.9375,0.125,8.625,0.43359375,16.0,0,0,0,0.0,0,0,0,0,0,1200
2025-01-10 16:03:52,0x00000A00,True,can0,8,39.74728366666667,30.473574666666668,809.6,13.28,7.39,0,user1,t_1,01:44,100,False,['1000 km bakımı: Servise gidin.'],Load_Mode,Not_PreCharge,OFF,OFF,OFF,OFF,OFF,No error,ON,47,2,D_Posiiton,0,16.0,5,75.0,0,0,-400.0,4700,-1100,0,0,293,-250,0.0,0,0,16.0,1440,66,164,140,68.0,-68.0,Enabled,2,164,171,52,8,48.75,164,239,17054.326263427734,48.24,46.59,1573,2308.6,5097.700000000001,-44.1,3254.2000000000003,3259.0,3259.6000000000004,3261.1000000000004,3261.7000000000003,3253.9,3259.6000000000004,3258.9,3260.2000000000003,3255.0,0.1,55.1,3260.9,3260.3,3261.3,3260.5,3259.1000000000004,0.0,0.0,0.0,0.0,0.1,0.0,0.0,0,2,0,3,1,6,1,5,3253.9,3261.7000000000003,3259.0,3,4,157.3,326.0,326.0,48.900000000000006,225.9,225.9,1,3350.0,1,0,0,1,0,0,0,1,0,0,1,0,156.0,293.40000000000003,711480,100.0,Active,51,0,1,0,0,0,1,1,0,0,1,1,0,1,54.8,35.0,Enable,OFF,OFF,OFF,ON,OFF,OFF,OFF,OFF,OFF,Night mode,OFF,ON,ON,Not pressed,Pressed,Not pressed,OFF,OFF,OFF,0,No Fault,0,251,251,19,19,19,19,19,19,8,0,18,18,10,13,6,255,0,0,16.5,69,0,939.8,79.125,111.1875,80.0625,112.75,0.375,9.0,0.44921875,16.0,0,0,0,0.0,0,0,0,0,0,1200
2025-01-10 16:03:53,0x191CFF71,True,can0,8,39.74728866666667,30.47361983333333,809.8,13.28,7.39,0,user1,t_1,01:44,100,False,['1000 km bakımı: Servise gidin.'],Load_Mode,Not_PreCharge,OFF,OFF,OFF,OFF,OFF,No error,ON,47,2,D_Posiiton,0,10.0,5,75.0,0,0,-400.0,4700,-1100,0,0,309,-250,0.0,0,0,10.0,1508,43,8,188,68.0,-68.0,Enabled,2,8,15,52,8,49.0,8,87,17104.61068725586,48.24,46.59,1573,2323.6,5097.700000000001,-40.400000000000006,3256.3,3260.8,3261.0,3261.3,3259.9,3255.0,3259.9,3260.0,3261.4,3255.4,0.2,55.1,3262.1000000000004,3261.5,3262.2000000000003,3261.0,3257.3,0.0,0.0,0.0,0.0,0.0,0.1,0.1,0,2,0,2,1,6,2,3,3255.0,3262.2000000000003,3259.6000000000004,4,4,157.3,326.0,326.0,48.900000000000006,225.9,225.9,1,3350.0,1,0,0,1,0,0,0,1,0,0,1,0,208.0,309.70000000000005,711480,100.0,Active,51,0,1,0,0,0,1,1,0,0,1,1,0,1,54.8,35.0,Enable,OFF,OFF,OFF,ON,OFF,OFF,OFF,OFF,OFF,Night mode,OFF,ON,ON,Not pressed,Pressed,Not pressed,OFF,OFF,OFF,0,No Fault,0,128,128,20,20,20,19,19,19,8,0,18,18,10,13,6,255,0,0,17.5,69,0,939.8,68.5625,88.25,70.8125,87.875,0.3125,9.1875,0.4609375,12.0,0,0,0,0.0,0,0,0,0,0,1200
2025-01-10 16:03:54,0x191CFF71,True,can0,8,39.7472915,30.473667166666665,809.8,13.28,7.39,0,user1,t_1,01:44,100,False,['1000 km bakımı: Servise gidin.'],Load_Mode,Not_PreCharge,OFF,OFF,OFF,OFF,OFF,No error,ON,47,2,D_Posiiton,0,9.0,5,75.0,0,0,-400.0,4700,-1100,0,0,293,-250,0.0,0,0,9.0,1460,38,108,219,68.0,-68.0,Enabled,2,108,115,52,8,49.0625,108,188,17154.16973876953,48.23,46.58,1573,2414.3,5098.1,-18.3,3271.5,3276.0,3275.3,3277.1000000000004,3276.3,3275.2000000000003,3275.7000000000003,3275.4,3275.6000000000004,3271.2000000000003,0.1,55.1,3276.8,3277.0,3276.5,3276.8,3273.8,0.0,0.1,0.1,0.0,0.0,0.1,0.0,0,2,0,3,1,10,1,4,3271.2000000000003,3277.1000000000004,3275.3,3,4,157.3,326.0,326.0,49.1,225.9,225.9,1,3350.0,1,0,0,1,0,0,0,1,0,0,1,0,156.0,293.40000000000003,711480,100.0,Active,51,0,1,0,0,0,1,1,0,0,1,1,0,1,54.8,35.0,Enable,OFF,OFF,OFF,ON,OFF,OFF,OFF,OFF,OFF,Night mode,OFF,ON,ON,Not pressed,Pressed,Not pressed,OFF,OFF,OFF,0,No Fault,0,5,5,19,19,19,19,19,19,8,0,18,18,10,13,6,255,0,0,17.0,69,0,939.8,55.375,73.375,57.3125,74.625,0.25,7.125,0.35546875,8.0,0,0,0,0.0,0,0,0,0,0,1200
2025-01-10 16:03:55,0x00000201,False,can0,8,39.747293166666665,30.473714333333334,809.9,13.28,7.39,-2,user1,t_1,01:44,100,False,['1000 km bakımı: Servise gidin.'],Load_Mode,Not_PreCharge,OFF,OFF,OFF,OFF,OFF,No error,ON,47,2,D_Posiiton,0,11.0,5,75.0,0,0,-400.0,4700,-1100,0,0,309,-250,0.0,0,0,11.0,1468,46,208,111,68.0,-68.0,Enabled,2,208,215,52,8,49.0,208,31,17201.91683959961,48.23,46.58,1573,2368.1,5098.400000000001,-29.5,3264.9,3269.5,3267.9,3270.0,3269.2000000000003,3266.4,3268.9,3268.7000000000003,3268.4,3264.2000000000003,0.1,55.1,3270.6000000000004,3270.4,3269.5,3269.6000000000004,3266.7000000000003,0.0,0.0,0.1,0.2,0.1,0.0,0.1,0,2,0,2,1,10,2,1,3264.2000000000003,3270.6000000000004,3268.3,4,4,157.3,326.0,326.0,49.0,225.9,225.9,1,3350.0,1,0,0,1,0,0,0,1,0,0,1,0,208.0,309.70000000000005,711480,100.0,Active,51,0,1,0,0,0,1,1,0,0,1,1,0,1,54.8,35.0,Enable,OFF,OFF,OFF,ON,OFF,OFF,OFF,OFF,OFF,Night mode,OFF,ON,ON,Not pressed,Pressed,Not pressed,OFF,OFF,OFF,0,No Fault,0,10,10,18,18,18,18,18,18,8,0,18,18,10,13,5,255,0,0,17.0,69,0,939.8,69.75,84.5625,68.5,85.75,0.375,8.125,0.40625,11.0,0,0,0,0.0,0,0,0,0,0,1200
2025-01-10 16:03:56,0x191CFF71,True,can0,8,39.747291833333335,30.47376133333333,810.2,13.16,7.39,-2,user1,t_1,01:44,100,4 saat 35 dakika,['1000 km bakımı: Servise gidin.'],Load_Mode,Not_PreCharge,OFF,OFF,OFF,OFF,OFF,No error,ON,47,1,D_Posiiton,0,-3.0,5,75.0,0,0,-400.0,4700,-1100,0,0,309,-250,0.0,0,0,-4.0,1300,-10,52,1,68.0,-68.0,Enabled,2,52,59,52,8,49.5,52,139,17249.48374938965,48.23,46.58,1572,2637.3,5098.8,36.3,3303.9,3308.9,3309.2000000000003,3308.6000000000004,3308.5,3312.9,3309.1000000000004,3309.2000000000003,3309.0,3302.9,0.1,55.1,3308.4,3310.1000000000004,3309.6000000000004,3308.8,3306.1000000000004,0.0,0.0,0.0,0.0,0.0,0.0,0.1,0,2,0,2,1,10,1,6,3302.9,3312.9,3308.3,4,4,157.20000000000002,326.0,326.0,49.6,225.9,225.9,1,3350.0,1,0,0,1,0,0,0,1,0,0,1,0,208.0,309.70000000000005,711480,100.0,Active,51,0,1,0,0,0,1,1,0,0,1,1,0,1,54.8,35.0,Enable,OFF,OFF,OFF,ON,OFF,OFF,OFF,OFF,OFF,Night mode,OFF,ON,ON,Not pressed,Pressed,Not pressed,OFF,OFF,OFF,0,No Fault,0,15,15,18,18,18,18,18,18,8,0,18,18,10,13,5,255,0,0,15.0,69,0,939.8,57.9375,-84.25,57.3125,-84.8125,1.0625,4.8125,0.2421875,-8.0,0,0,0,0.0,0,0,0,0,0,1200
2025-01-10 16:03:57,0x191CFF71,True,can0,8,39.7472885,30.473806,810.4,13.16,7.39,-2,user1,t_1,01:44,100,False,['1000 km bakımı: Servise gidin.'],Load_Mode,Not_PreCharge,OFF,OFF,OFF,OFF,OFF,No error,ON,47,2,D_Posiiton,0,15.0,5,75.0,0,0,-400.0,4700,-1100,0,0,309,-250,0.0,0,0,15.0,1261,58,152,179,68.0,-68.0,Enabled,2,152,159,53,8,48.9375,152,231,17291.43421936035,48.23,46.58,1572,2348.6,5097.900000000001,-34.4,3262.6000000000004,3268.5,3268.2000000000003,3267.9,3269.1000000000004,3262.5,3267.6000000000004,3267.7000000000003,3268.5,3261.9,0.1,55.1,3269.0,3269.1000000000004,3269.4,3267.6000000000004,3266.5,0.0,0.0,0.1,0.0,0.0,0.0,0.0,0,2,0,2,1,10,2,3,3261.9,3269.4,3267.0,4,4,157.20000000000002,326.0,326.0,49.0,225.9,225.9,1,3350.0,1,0,0,1,0,0,0,1,0,0,1,0,208.0,309.70000000000005,711480,100.0,Active,51,0,1,0,0,0,1,1,0,0,1,1,0,1,54.8,35.0,Enable,OFF,OFF,OFF,ON,OFF,OFF,OFF,OFF,OFF,Night mode,OFF,ON,ON,Not pressed,Pressed,Not pressed,OFF,OFF,OFF,0,No Fault,0,20,20,17,17,17,17,17,17,8,0,18,18,10,13,4,255,0,0,14.5,69,0,939.8,76.5,114.9375,77.75,111.375,0.75,7.8125,0.390625,15.0,0,0,0,0.0,0,0,0,0,0,1200
2025-01-10 16:03:58,0x00000A00,True,can0,8,39.74728433333333,30.47384783333333,810.6,13.7,7.39,0,user1,t_1,01:44,100,False,['1000 km bakımı: Servise gidin.'],Load_Mode,Not_PreCharge,OFF,OFF,OFF,OFF,OFF,No error,ON,47,2,D_Posiiton,0,14.0,5,75.0,0,0,-400.0,4700,-1100,0,0,293,-250,0.0,0,0,14.0,1309,56,252,54,68.0,-68.0,Enabled,2,252,3,53,8,48.875,252,74,17334.357818603516,48.22,46.57,1572,2329.7000000000003,5098.6,-39.0,3256.1000000000004,3261.2000000000003,3261.4,3261.2000000000003,3262.0,3257.2000000000003,3261.3,3260.5,3261.8,3255.1000000000004,0.1,55.1,3262.6000000000004,3262.1000000000004,3262.7000000000003,3260.9,3259.5,0.0,0.0,0.0,0.1,0.0,0.1,0.0,0,2,0,3,1,10,2,3,3255.1000000000004,3262.7000000000003,3260.3,3,4,157.20000000000002,326.0,326.0,48.900000000000006,225.9,225.9,1,3350.0,1,0,0,1,0,0,0,1,0,0,1,0,156.0,293.40000000000003,711480,100.0,Active,51,0,1,0,0,0,1,1,0,0,1,1,0,1,54.8,35.0,Enable,OFF,OFF,OFF,ON,OFF,OFF,OFF,OFF,OFF,Night mode,OFF,ON,ON,Not pressed,Pressed,Not pressed,OFF,OFF,OFF,0,No Fault,0,25,25,18,19,18,18,18,18,8,0,18,18,10,13,4,255,0,0,15.0,69,0,939.8,78.0625,109.3125,77.75,107.625,-0.1875,8.5,0.41796875,15.0,0,0,0,0.0,0,0,0,0,0,1200
2025-01-10 16:03:59,0x191CFF71,True,can0,8,39.747277833333335,30.473886333333333,810.4,13.7,7.39,0,user1,t_1,01:44,100,False,['1000 km bakımı: Servise gidin.'],Load_Mode,Not_PreCharge,OFF,OFF,OFF,OFF,OFF,No error,ON,47,2,D_Posiiton,0,13.0,5,75.0,0,0,-400.0,4700,-1100,0,0,293,-250,0.0,0,0,13.0,1310,50,96,133,68.0,-68.0,Enabled,2,96,103,53,8,48.8125,96,173,17378.02360534668,48.22,46.57,1572,2361.8,5098.1,-31.1,3260.9,3264.5,3263.2000000000003,3265.8,3265.5,3266.0,3265.7000000000003,3264.0,3263.9,3259.8,0.1,55.1,3266.9,3265.6000000000004,3265.1000000000004,3265.4,3262.8,0.0,0.0,0.0,0.0,0.1,0.0,0.0,0,2,0,3,1,10,2,1,3259.8,3266.9,3264.3,3,4,157.20000000000002,326.0,326.0,49.0,225.9,225.9,1,3350.0,1,0,0,1,0,0,0,1,0,0,1,0,156.0,293.40000000000003,711480,100.0,Active,51,0,1,0,0,0,1,1,0,0,1,1,0,1,54.8,35.0,Enable,OFF,OFF,OFF,ON,OFF,OFF,OFF,OFF,OFF,Night mode,OFF,ON,ON,Not pressed,Pressed,Not pressed,OFF,OFF,OFF,0,No Fault,0,30,30,19,19,19,19,19,19,8,0,18,18,10,13,6,255,0,0,15.0,69,0,939.8,73.25,99.875,73.125,96.8125,0.125,7.75,0.38671875,13.0,0,0,0,0.0,0,0,0,0,0,1200
2025-01-10 16:04:00,0x00000401,False,can0,3,39.74726616666667,30.4739255,810.4,13.16,7.39,0,user1,t_1,01:44,100,55 saat 54 dakika,['1000 km bakımı: Servise gidin.'],Load_Mode,Not_PreCharge,OFF,OFF,OFF,OFF,OFF,No error,ON,47,2,D_Posiiton,0,-5.0,5,75.0,0,0,-400.0,4700,-1100,0,0,293,-250,0.0,0,0,-4.0,1215,-8,196,61,68.0,-68.0,Enabled,2,196,203,52,8,49.375,196,25,17420.627517700195,48.22,46.57,1572,2501.1000000000004,5098.0,3.0,3279.1000000000004,3284.4,3283.7000000000003,3284.6000000000004,3284.4,3283.4,3283.9,3284.1000000000004,3284.1000000000004,3278.9,0.1,55.1,3284.6000000000004,3285.4,3285.0,3284.5,3282.0,0.0,0.0,0.1,0.0,0.2,0.0,0.1,0,2,0,3,1,10,2,2,3278.9,3285.4,3283.4,3,4,157.20000000000002,326.0,326.0,49.3,225.9,225.9,1,3350.0,1,0,0,1,0,0,0,1,0,0,1,0,156.0,293.40000000000003,711480,100.0,Active,51,0,1,0,0,0,1,1,0,0,1,1,0,1,54.8,35.0,Enable,OFF,OFF,OFF,ON,OFF,OFF,OFF,OFF,OFF,Night mode,OFF,ON,ON,Not pressed,Pressed,Not pressed,OFF,OFF,OFF,0,No Fault,0,35,35,19,19,19,19,19,19,8,0,18,18,10,13,6,255,0,0,14.0,69,0,939.8,46.0,43.3125,44.0,42.375,0.125,6.3125,0.3125,5.0,0,0,0,0.0,0,0,0,0,0,1200
2025-01-10 16:04:01,0x00000201,False,can0,8,39.747252,30.473960666666667,810.1,13.16,7.39,-2,user1,t_1,01:44,100,8 saat 28 dakika,['1000 km bakımı: Servise gidin.'],Load_Mode,Not_PreCharge,OFF,OFF,OFF,OFF,OFF,No error,ON,47,1,D_Posiiton,0,2.0,5,75.0,0,0,-400.0,4700,-1100,0,0,293,-250,0.0,0,0,2.0,913,6,40,226,68.0,-68.0,Enabled,2,40,47,53,8,49.3125,40,125,17455.27279663086,48.22,46.57,1572,2569.5,5098.8,19.700000000000003,3294.1000000000004,3299.5,3299.9,3299.6000000000004,3299.7000000000003,3300.3,3299.3,3299.6000000000004,3299.6000000000004,3293.7000000000003,0.1,55.1,3298.9,3300.8,3300.4,3299.6000000000004,3297.2000000000003,0.0,0.0,0.0,0.0,0.0,0.0,0.0,0,2,0,3,1,10,2,2,3293.7000000000003,3300.8,3298.8,3,4,157.20000000000002,326.0,326.0,49.5,225.9,225.9,1,3350.0,1,0,0,1,0,0,0,1,0,0,1,0,156.0,293.40000000000003,711480,100.0,Active,51,0,1,0,0,0,1,1,0,0,1,1,0,1,54.8,35.0,Enable,OFF,OFF,OFF,ON,OFF,OFF,OFF,OFF,OFF,Night mode,OFF,ON,ON,Not pressed,Pressed,Not pressed,OFF,OFF,OFF,0,No Fault,0,40,40,18,18,18,18,18,18,8,0,18,18,10,13,5,255,0,0,10.5,69,0,939.8,25.0625,-14.875,26.25,-12.9375,0.6875,2.8125,0.14453125,-1.0,0,0,0,0.0,0,0,0,0,0,1200
2025-01-10 16:04:02,0x191CFF71,True,can0,8,39.747236,30.473986166666663,809.5,13.17,7.39,0,user1,t_1,01:44,100,False,['1000 km bakımı: Servise gidin.'],Load_Mode,Not_PreCharge,OFF,OFF,OFF,OFF,OFF,No error,ON,47,2,D_Posiiton,0,17.0,5,75.0,0,0,-400.0,4700,-1100,0,0,293,-250,0.0,0,0,17.0,808,45,140,245,68.0,-68.0,Enabled,2,140,147,53,8,49.0,140,220,17482.986587524414,48.21,46.56,1572,2377.1,5098.200000000001,-27.4,3264.8,3270.7000000000003,3269.9,3269.2000000000003,3270.7000000000003,3265.7000000000003,3269.6000000000004,3269.9,3270.3,3263.5,0.1,55.1,3270.8,3271.3,3271.2000000000003,3269.2000000000003,3268.1000000000004,0.0,0.0,0.1,0.1,0.0,0.0,0.1,0,2,0,3,1,10,2,2,3263.5,3271.3,3268.9,3,4,157.20000000000002,326.0,326.0,49.0,225.9,225.9,1,3350.0,1,0,0,1,0,0,0,1,0,0,1,0,156.0,293.40000000000003,711480,100.0,Active,51,0,1,0,0,0,1,1,0,0,1,1,0,1,54.8,35.0,Enable,OFF,OFF,OFF,ON,OFF,OFF,OFF,OFF,OFF,Night mode,OFF,ON,ON,Not pressed,Pressed,Not pressed,OFF,OFF,OFF,0,No Fault,0,45,45,17,17,17,17,17,17,8,0,18,18,10,13,4,255,0,0,9.0,69,0,939.8,79.125,122.5,82.375,121.1875,0.125,5.625,0.28125,17.0,0,0,0,0.0,0,0,0,0,0,1200
2025-01-10 16:04:03,0x191CFF71,True,can0,8,39.74722116666667,30.4740035,809.0,13.17,7.39,2,user1,t_1,01:44,100,False,['1000 km bakımı: Servise gidin.'],Load_Mode,Not_PreCharge,OFF,OFF,OFF,OFF,OFF,No error,ON,47,2,D_Posiiton,0,1.0,5,75.0,0,0,-400.0,4700,-1100,0,0,293,-250,0.0,0,0,1.0,710,2,240,202,68.0,-68.0,Enabled,2,240,247,53,8,49.3125,240,69,17508.821548461914,48.21,46.56,1572,2480.3,5098.400000000001,-2.1,3277.9,3283.0,3283.1000000000004,3283.0,3283.4,3282.1000000000004,3282.9,3282.8,3283.2000000000003,3277.3,0.1,55.1,3283.5,3284.3,3284.0,3283.0,3280.9,0.0,0.0,0.0,0.1,0.0,0.0,0.0,0,2,0,3,1,10,2,2,3277.3,3284.3,3282.2000000000003,3,4,157.20000000000002,326.0,326.0,49.2,225.9,225.9,1,3350.0,1,0,0,1,0,0,0,1,0,0,1,0,156.0,293.40000000000003,711480,100.0,Active,51,0,1,0,0,0,1,1,0,0,1,1,0,1,54.8,35.0,Enable,OFF,OFF,OFF,ON,OFF,OFF,OFF,OFF,OFF,Night mode,OFF,ON,ON,Not pressed,Pressed,Not pressed,OFF,OFF,OFF,0,No Fault,0,50,50,19,19,19,19,19,19,8,0,18,18,10,13,6,255,0,0,8.0,69,0,939.8,34.1875,29.4375,35.125,27.8125,0.4375,3.375,0.16796875,3.0,0,0,0,0.0,0,0,0,0,0,1200
2025-01-10 16:04:04,0x00000203,False,can0,8,39.747207,30.47401766666667,808.3,13.8,7.39,0,user1,t_1,01:44,100,False,['1000 km bakımı: Servise gidin.'],Load_Mode,Not_PreCharge,OFF,OFF,OFF,OFF,OFF,No error,ON,47,2,D_Posiiton,0,20.0,5,75.0,0,0,-400.0,4700,-1100,0,0,293,-250,0.0,0,0,20.0,622,48,84,53,68.0,-68.0,Enabled,2,84,91,53,8,49.0,84,164,17530.087600708008,48.21,46.56,1572,2411.7000000000003,5098.8,-18.9,3270.9,3275.5,3275.8,3275.9,3276.3,3275.2000000000003,3276.1000000000004,3275.3,3276.0,3270.0,0.1,55.1,3276.6000000000004,3276.6000000000004,3276.8,3275.9,3273.9,0.0,0.1,0.1,0.0,0.0,0.0,0.0,0,2,0,3,1,10,2,3,3270.0,3276.8,3275.1000000000004,3,4,157.20000000000002,326.0,326.0,49.1,225.9,225.9,1,3350.0,1,0,0,1,0,0,0,1,0,0,1,0,156.0,293.40000000000003,711480,100.0,Active,51,0,1,0,0,0,1,1,0,0,1,1,0,1,54.8,35.0,Enable,OFF,OFF,OFF,ON,OFF,OFF,OFF,OFF,OFF,Night mode,OFF,ON,ON,Not pressed,Pressed,Not pressed,OFF,OFF,OFF,0,No Fault,0,55,55,18,18,18,18,18,18,8,0,18,18,10,13,5,255,0,0,7.0,69,0,939.8,76.0,132.75,75.4375,131.0,-0.125,3.75,0.18359375,14.0,0,0,0,0.0,0,0,0,0,0,1200
2025-01-10 16:04:05,0x191CFF71,True,can0,8,39.74719366666667,30.47402933333333,808.4,13.8,7.39,2,user1,t_1,01:44,100,False,['1000 km bakımı: Servise gidin.'],Load_Mode,Not_PreCharge,OFF,OFF,OFF,OFF,OFF,No error,ON,47,3,D_Posiiton,0,20.0,5,75.0,0,0,-400.0,4700,-1100,0,0,293,-250,0.0,0,0,20.0,830,56,184,114,68.0,-68.0,Enabled,2,184,191,53,8,48.875,184,6,17554.16192626953,48.21,46.56,1572,2348.3,5098.200000000001,-34.300000000000004,3260.5,3264.5,3263.2000000000003,3265.4,3264.2000000000003,3261.0,3264.4,3263.8,3263.6000000000004,3259.7000000000003,0.1,55.1,3266.3,3265.4,3264.9,3265.1000000000004,3261.8,0.0,0.1,0.1,0.2,0.0,0.0,0.0,0,2,0,3,1,10,2,1,3259.7000000000003,3266.3,3263.5,3,4,157.20000000000002,326.0,326.0,49.0,225.9,225.9,1,3350.0,1,0,0,1,0,0,0,1,0,0,1,0,156.0,293.40000000000003,711480,100.0,Active,51,0,1,0,0,0,1,1,0,0,1,1,0,1,54.8,35.0,Enable,OFF,OFF,OFF,ON,OFF,OFF,OFF,OFF,OFF,Night mode,OFF,ON,ON,Not pressed,Pressed,Not pressed,OFF,OFF,OFF,0,No Fault,0,60,60,19,19,19,19,19,19,8,0,18,18,10,13,6,255,0,0,9.5,69,0,939.8,93.875,138.3125,91.3125,139.4375,0.125,6.5625,0.328125,21.0,0,0,0,0.0,0,0,0,0,0,1200
2025-01-10 16:04:06,0x191CFF71,True,can0,8,39.7471805,30.474039166666667,807.0,13.33,7.39,4,user1,t_1,01:44,100,False,['1000 km bakımı: Servise gidin.'],Load_Mode,Not_PreCharge,OFF,OFF,OFF,OFF,OFF,No error,ON,47,2,D_Posiiton,0,20.0,5,75.0,0,0,-400.0,4700,-1100,0,0,309,-250,0.0,0,0,20.0,809,53,28,190,68.0,-68.0,Enabled,2,28,35,53,8,48.875,28,106,17581.44659423828,48.2,46.55,1572,2354.4,5098.3,-32.9,3257.5,3262.5,3259.9,3262.7000000000003,3262.1000000000004,3256.3,3261.3,3261.5,3260.6000000000004,3256.9,0.1,55.1,3263.5,3263.3,3261.9,3262.2000000000003,3259.6000000000004,0.0,0.1,0.0,0.0,0.0,0.0,0.0,0,2,0,2,1,6,2,1,3256.3,3263.5,3260.7000000000003,4,4,157.20000000000002,326.0,326.0,48.900000000000006,225.9,225.9,1,3350.0,1,0,0,1,0,0,0,1,0,0,1,0,208.0,309.70000000000005,711480,100.0,Active,51,0,1,0,0,0,1,1,0,0,1,1,0,1,54.8,35.0,Enable,OFF,OFF,OFF,ON,OFF,OFF,OFF,OFF,OFF,Night mode,OFF,ON,ON,Not pressed,Pressed,Not pressed,OFF,OFF,OFF,0,No Fault,0,65,65,21,21,21,21,21,21,8,0,19,19,10,13,7,255,0,0,9.5,69,0,939.8,91.5,134.4375,89.375,133.5,-0.125,6.1875,0.30859375,20.0,0,0,0,0.0,0,0,0,0,0,1200
2025-01-10 16:04:07,0x00000A00,True,can0,8,39.74717133333333,30.474060166666668,806.4,13.33,7.39,4,user1,t_1,01:44,100,False,['1000 km bakımı: Servise gidin.'],Load_Mode,Not_PreCharge,OFF,OFF,OFF,OFF,OFF,No error,ON,47,2,D_Posiiton,0,16.0,5,75.0,0,0,-400.0,4700,-1100,0,0,309,-250,0.0,0,0,16.0,764,41,128,168,68.0,-68.0,Enabled,2,128,135,53,8,49.0,128,208,17607.471969604492,48.2,46.55,1571,2413.0,5098.0,-18.5,3266.9,3272.2000000000003,3270.5,3272.0,3272.2000000000003,3268.2000000000003,3271.1000000000004,3271.4,3271.0,3266.2000000000003,0.1,55.1,3272.6000000000004,3273.0,3271.9,3271.6000000000004,3269.7000000000003,0.0,0.0,0.1,0.0,0.1,0.0,0.1,0,2,0,2,1,10,2,2,3266.2000000000003,3273.0,3270.7000000000003,4,4,157.10000000000002,326.0,326.0,49.1,225.9,225.9,1,3350.0,1,0,0,1,0,0,0,1,0,0,1,0,208.0,309.70000000000005,711480,100.0,Active,51,0,1,0,0,0,1,1,0,0,1,1,0,1,54.8,35.0,Enable,OFF,OFF,OFF,ON,OFF,OFF,OFF,OFF,OFF,Night mode,OFF,ON,ON,Not pressed,Pressed,Not pressed,OFF,OFF,OFF,0,No Fault,0,70,70,22,22,22,21,21,21,8,0,19,19,10,13,8,255,0,0,8.5,69,0,939.8,78.9375,107.875,77.75,108.3125,0.75,5.25,0.26171875,15.0,0,0,0,0.0,0,0,0,0,0,1200
2025-01-10 16:04:08,0x191CFF71,True,can0,8,39.747166,30.474087333333333,806.7,13.21,7.39,6,user1,t_1,01:44,100,False,['1000 km bakımı: Servise gidin.'],Load_Mode,Not_PreCharge,OFF,OFF,OFF,OFF,OFF,No error,ON,47,3,D_Posiiton,0,31.0,5,75.0,0,0,-400.0,4700,-1100,0,0,309,-250,0.0,0,0,31.0,922,98,228,212,68.0,-68.0,Enabled,2,228,235,53,8,48.375,228,42,17635.139099121094,48.19,46.54,1571,2202.1,5098.6,-70.3,3233.4,3238.8,3238.9,3238.5,3240.5,3230.7000000000003,3238.4,3237.8,3239.4,3232.5,0.1,55.1,3240.8,3239.6000000000004,3240.6000000000004,3238.1000000000004,3237.7000000000003,0.0,0.0,0.1,0.0,0.1,0.0,0.1,0,2,0,2,1,6,2,1,3230.7000000000003,3240.8,3237.7000000000003,4,4,157.10000000000002,326.0,326.0,48.6,225.9,225.9,1,3350.0,1,0,0,1,0,0,0,1,0,0,1,0,208.0,309.70000000000005,711480,100.0,Active,51,0,1,0,0,0,1,1,0,0,1,1,0,1,54.8,35.0,Enable,OFF,OFF,OFF,ON,OFF,OFF,OFF,OFF,OFF,Night mode,OFF,ON,ON,Not pressed,Pressed,Not pressed,OFF,OFF,OFF,0,No Fault,0,75,75,21,21,21,21,21,21,8,0,19,19,10,13,8,255,0,0,10.5,69,0,939.8,112.0,194.625,110.5625,193.6875,-0.125,7.25,0.35546875,31.0,0,0,0,0.0,0,0,0,0,0,1200
2025-01-10 16:04:09,0x00000401,False,can0,3,39.747164,30.4741165,807.3,13.21,7.39,9,user1,t_1,01:44,100,False,['1000 km bakımı: Servise gidin.'],Load_Mode,Not_PreCharge,OFF,OFF,OFF,OFF,OFF,No error,ON,47,3,D_Posiiton,0,31.0,5,75.0,0,0,-400.0,4700,-1100,0,0,309,-250,0.0,0,0,31.0,1175,118,72,74,68.0,-68.0,Enabled,2,72,79,53,8,48.25,72,140,17670.542541503906,48.19,46.54,1571,2157.5,5097.8,-81.2,3220.6000000000004,3223.8,3224.8,3224.3,3225.8,3219.5,3225.3,3223.2000000000003,3225.2000000000003,3218.3,0.1,55.1,3228.5,3225.1000000000004,3226.7000000000003,3224.1000000000004,3223.1000000000004,0.0,0.1,0.0,0.0,0.1,0.0,0.0,0,2,0,2,1,10,2,1,3218.3,3228.5,3223.8,4,4,157.10000000000002,326.0,326.0,48.400000000000006,225.9,225.9,1,3350.0,1,0,0,1,0,0,0,1,0,0,1,0,208.0,309.70000000000005,711480,100.0,Active,51,0,1,0,0,0,1,1,0,0,1,1,0,1,54.8,35.0,Enable,OFF,OFF,OFF,ON,OFF,OFF,OFF,OFF,OFF,Night mode,OFF,ON,ON,Not pressed,Pressed,Not pressed,OFF,OFF,OFF,0,No Fault,0,80,80,25,25,25,24,25,24,8,0,19,20,10,13,10,255,0,0,13.5,69,0,939.8,110.1875,196.625,110.5625,191.3125,0.75,9.0625,0.4609375,31.0,0,0,0,0.0,0,0,0,0,0,1200
2025-01-10 16:04:10,0x00000201,False,can0,8,39.74716216666667,30.474149166666667,808.1,13.35,7.35,9,user1,t_1,01:44,100,False,['1000 km bakımı: Servise gidin.'],Load_Mode,Not_PreCharge,OFF,OFF,OFF,OFF,OFF,No error,ON,47,3,D_Posiiton,0,30.0,5,75.0,0,0,-400.0,4700,-1100,0,0,293,-250,0.0,0,0,30.0,1413,132,172,155,68.0,-68.0,Enabled,2,172,179,53,8,48.0625,172,237,17714.113494873047,48.18,46.53,1571,2068.9,5098.0,-102.9,3212.1000000000004,3215.8,3216.3,3215.0,3213.8,3203.0,3215.2000000000003,3214.1000000000004,3216.7000000000003,3209.2000000000003,0.1,55.1,3219.3,3216.4,3218.0,3214.8,3211.1000000000004,0.0,0.0,0.0,0.0,0.0,0.0,0.0,0,2,0,3,1,6,2,1,3203.0,3219.3,3214.0,3,4,157.10000000000002,326.0,326.0,48.2,225.9,225.9,1,3350.0,1,0,0,1,0,0,0,1,0,0,1,0,156.0,293.40000000000003,711480,100.0,Active,51,0,1,0,0,0,1,1,0,0,1,1,0,1,54.8,35.0,Enable,OFF,OFF,OFF,ON,OFF,OFF,OFF,OFF,OFF,Night mode,OFF,ON,ON,Not pressed,Pressed,Not pressed,OFF,OFF,OFF,0,No Fault,0,85,85,28,28,27,26,27,27,8,0,19,20,10,13,13,255,0,0,16.0,69,0,939.8,107.1875,189.8125,109.0,185.875,-0.5,10.75,0.546875,30.0,0,0,0,0.0,0,0,0,0,0,1200
2025-01-10 16:04:11,0x191CFF71,True,can0,8,39.747159833333335,30.474191666666663,809.8,13.35,7.35,9,user1,t_1,01:44,100,False,['1000 km bakımı: Servise gidin.'],Load_Mode,Not_PreCharge,OFF,OFF,OFF,OFF,OFF,No error,ON,47,3,D_Posiiton,0,30.0,5,75.0,0,0,-400.0,4700,-1100,0,0,293,-250,0.0,0,0,30.0,1654,152,16,5,65.625,-65.625,Enabled,2,16,25,53,8,47.625,16,73,17765.54801940918,48.17,46.52,1570,2021.9,5097.700000000001,-114.4,3198.0,3199.7000000000003,3194.2000000000003,3200.8,3202.5,3203.6000000000004,3200.1000000000004,3197.6000000000004,3195.5,3194.6000000000004,0.1,55.1,3205.5,3200.4,3198.0,3199.5,3199.7000000000003,0.0,0.0,0.2,0.2,0.0,0.0,0.0,0,2,0,3,1,3,2,1,3194.2000000000003,3205.5,3199.3,3,4,157.0,326.0,326.0,48.0,225.9,225.9,1,3350.0,1,0,0,1,0,0,0,1,0,0,1,0,156.0,293.40000000000003,711480,100.0,Active,51,0,1,0,0,0,1,1,0,0,1,1,0,1,54.8,35.0,Enable,OFF,OFF,OFF,ON,OFF,OFF,OFF,OFF,OFF,Night mode,OFF,ON,ON,Not pressed,Pressed,Not pressed,OFF,OFF,OFF,0,No Fault,0,90,90,28,28,28,27,27,27,8,0,19,21,10,13,14,255,0,0,19.0,69,0,939.8,97.3125,190.25,109.0,185.875,-0.0625,12.625,0.6484375,30.0,0,0,0,0.0,0,0,0,0,0,1200
2025-01-10 16:04:12,0x191CFF71,True,can0,8,39.747159333333336,30.474242666666665,809.9,13.43,7.35,9,user1,t_1,01:44,100,False,['1000 km bakımı: Servise gidin.'],Load_Mode,Not_PreCharge,OFF,OFF,OFF,OFF,OFF,No error,ON,47,3,D_Posiiton,0,28.0,5,75.0,0,0,-400.0,4700,-1100,0,0,293,-250,0.0,0,0,28.0,1885,156,116,53,56.375,-56.375,Enabled,2,116,125,53,8,47.4375,116,170,17824.996627807617,48.15,46.5,1570,1944.5,5097.1,-133.3,3187.2000000000003,3191.6000000000004,3188.1000000000004,3193.9,3194.9,3182.3,3189.2000000000003,3189.3,3189.5,3187.8,0.1,55.1,3195.2000000000003,3192.1000000000004,3191.7000000000003,3192.8,3192.5,0.0,0.1,0.0,0.0,0.0,0.1,0.1,0,2,0,3,1,6,2,1,3182.3,3195.2000000000003,3190.5,3,4,157.0,326.0,326.0,47.900000000000006,225.9,225.9,1,3350.0,1,0,0,1,0,0,0,1,0,0,1,0,156.0,293.40000000000003,711480,100.0,Active,51,0,1,0,0,0,1,1,0,0,1,1,0,1,54.8,35.0,Enable,OFF,OFF,OFF,ON,OFF,OFF,OFF,OFF,OFF,Night mode,OFF,ON,ON,Not pressed,Pressed,Not pressed,OFF,OFF,OFF,0,No Fault,0,95,95,29,29,29,28,28,28,8,0,20,21,10,14,15,255,0,0,21.5,69,0,939.8,105.0625,171.9375,107.0,180.4375,-0.625,14.4375,0.703125,29.0,0,0,0,0.0,0,0,0,0,0,1200
2025-01-10 16:04:13,0x191071FA,True,can0,8,39.747158,30.4742985,810.5,13.43,7.35,7,user1,t_1,01:44,100,False,['1000 km bakımı: Servise gidin.'],Load_Mode,Not_PreCharge,OFF,OFF,OFF,OFF,OFF,No error,ON,46,3,D_Posiiton,0,25.0,5,75.0,0,0,-400.0,4700,-1100,0,0,293,-250,0.0,0,0,25.0,2076,148,216,33,48.0,-48.0,Enabled,2,216,226,53,8,47.625,216,17,17891.446365356445,48.14,46.49,1570,1992.5,5097.200000000001,-121.5,3184.9,3188.9,3184.9,3188.0,3188.4,3170.6000000000004,3187.0,3186.5,3186.1000000000004,3182.0,0.1,55.1,3193.1000000000004,3189.4,3188.4,3187.0,3186.1000000000004,0.0,0.0,0.2,0.0,0.0,0.0,0.0,0,2,0,3,1,6,2,1,3170.6000000000004,3193.1000000000004,3186.0,3,4,157.0,326.0,326.0,47.8,225.9,225.9,1,3350.0,1,0,0,1,0,0,0,1,0,0,1,0,156.0,293.40000000000003,711480,100.0,Active,51,0,1,0,0,0,1,1,0,0,1,1,0,1,54.8,35.0,Enable,OFF,OFF,OFF,ON,OFF,OFF,OFF,OFF,OFF,Night mode,OFF,ON,ON,Not pressed,Pressed,Not pressed,OFF,OFF,OFF,0,No Fault,0,100,100,29,29,29,28,28,28,8,0,20,22,10,14,15,255,0,0,24.0,69,0,939.8,108.1875,160.0,101.125,165.0625,-0.5625,15.0625,0.73046875,26.0,0,0,0,0.0,0,0,0,0,0,1200
2025-01-10 16:04:14,0x191CFF71,True,can0,8,39.747155166666666,30.47436,811.0,13.24,7.35,7,user1,t_1,01:44,100,False,['1000 km bakımı: Servise gidin.'],Load_Mode,Not_PreCharge,OFF,OFF,OFF,OFF,OFF,No error,ON,46,3,D_Posiiton,0,23.0,5,75.0,0,0,-400.0,4700,-1100,0,0,309,-250,0.0,0,0,23.0,2230,148,60,255,41.625,-41.625,Enabled,2,60,69,54,8,47.8125,60,121,17963.55389404297,48.13,46.48,1569,1958.1,5097.1,-130.0,3186.3,3190.5,3191.1000000000004,3190.4,3191.4,3176.0,3188.4,3188.4,3191.6000000000004,3184.4,0.2,55.1,3194.3,3191.0,3193.1000000000004,3190.1000000000004,3188.8,0.0,0.0,0.1,0.0,0.0,0.0,0.0,0,2,0,2,1,6,2,1,3176.0,3194.3,3189.0,4,4,156.9,326.0,326.0,47.8,225.9,225.9,1,3350.0,1,0,0,1,0,0,0,1,0,0,1,0,208.0,309.70000000000005,711480,100.0,Active,51,0,1,0,0,0,1,1,0,0,1,1,0,1,54.8,35.0,Enable,OFF,OFF,OFF,ON,OFF,OFF,OFF,OFF,OFF,Night mode,OFF,ON,ON,Not pressed,Pressed,Not pressed,OFF,OFF,OFF,0,No Fault,0,105,105,29,29,29,28,28,28,8,0,20,22,10,14,15,255,0,0,25.5,69,0,939.9,88.5625,148.9375,97.1875,154.625,-0.25,16.0,0.7890625,24.0,0,0,0,0.0,0,0,0,0,0,1200
2025-01-10 16:04:15,0x00000A11,True,can0,8,39.747153,30.474428166666662,811.3,13.24,7.35,7,user1,t_1,01:44,100,False,['1000 km bakımı: Servise gidin.'],Load_Mode,Not_PreCharge,OFF,OFF,OFF,OFF,OFF,No error,ON,46,3,D_Posiiton,0,22.0,5,75.0,0,0,-400.0,4700,-1100,0,0,309,-250,0.0,0,0,22.0,2358,146,160,210,36.625,-36.625,Enabled,2,160,169,54,9,47.625,160,219,18040.36618041992,48.120000000000005,46.47,1569,1971.2,5096.8,-126.8,3185.9,3189.2000000000003,3188.4,3191.3,3190.1000000000004,3176.7000000000003,3189.6000000000004,3187.5,3189.6000000000004,3185.1000000000004,0.1,55.1,3194.5,3190.3,3191.6000000000004,3190.5,3187.6000000000004,0.1,0.0,0.0,0.0,0.1,0.1,0.0,0,2,0,2,1,6,2,1,3176.7000000000003,3194.5,3188.5,4,4,156.9,326.0,326.0,47.8,225.9,225.9,1,3350.0,1,0,0,1,0,0,0,1,0,0,1,0,208.0,309.70000000000005,711480,100.0,Active,51,0,1,0,0,0,1,1,0,0,1,1,0,1,54.8,35.0,Enable,OFF,OFF,OFF,ON,OFF,OFF,OFF,OFF,OFF,Night mode,OFF,ON,ON,Not pressed,Pressed,Not pressed,OFF,OFF,OFF,0,No Fault,0,110,110,28,28,28,27,27,27,9,0,20,22,10,14,14,255,0,0,27.5,69,0,939.9,98.75,151.6875,93.3125,143.5625,0.1875,15.4375,0.79296875,22.0,0,0,0,0.0,0,0,0,0,0,1200
2025-01-10 16:04:16,0x191071FA,True,can0,8,39.747151,30.47450333333333,811.6,13.43,7.35,7,user1,t_1,01:44,100,False,['1000 km bakımı: Servise gidin.'],Load_Mode,Not_PreCharge,OFF,OFF,OFF,OFF,OFF,No error,ON,46,3,D_Posiiton,0,21.0,5,75.0,0,0,-400.0,4700,-1100,0,0,293,-250,0.0,0,0,21.0,2470,145,4,149,33.0,-33.0,Enabled,2,4,13,54,9,47.5625,4,62,18121.106872558597,48.11,46.46,1568,1999.1,5097.3,-119.9,3181.6000000000004,3185.8,3185.7000000000003,3190.1000000000004,3188.8,3177.0,3183.6000000000004,3184.0,3186.9,3183.9,0.1,55.1,3189.7000000000003,3186.8,3188.5,3189.2000000000003,3186.3,0.0,0.0,0.0,0.0,0.0,0.0,0.0,0,2,0,3,1,6,1,4,3177.0,3190.1000000000004,3185.8,3,4,156.8,326.0,326.0,47.8,225.9,225.9,1,3350.0,1,0,0,1,0,0,0,1,0,0,1,0,156.0,293.40000000000003,711480,100.0,Active,51,0,1,0,0,0,1,1,0,0,1,1,0,1,54.8,35.0,Enable,OFF,OFF,OFF,ON,OFF,OFF,OFF,OFF,OFF,Night mode,OFF,ON,ON,Not pressed,Pressed,Not pressed,OFF,OFF,OFF,0,No Fault,0,115,115,27,27,27,26,26,26,9,0,20,23,10,14,13,255,0,0,28.5,69,0,939.9,78.5625,144.375,91.3125,138.25,-0.375,16.3125,0.84375,21.0,0,0,0,0.0,0,0,0,0,0,1200
2025-01-10 16:04:17,0x191CFF71,True,can0,8,39.7471495,30.474584333333333,812.4,13.43,7.35,7,user1,t_1,01:44,100,False,['1000 km bakımı: Servise gidin.'],Load_Mode,Not_PreCharge,OFF,OFF,OFF,OFF,OFF,No error,ON,46,2,D_Posiiton,0,19.0,5,75.0,0,0,-400.0,4700,-1100,0,0,309,-250,0.0,0,0,19.0,2558,135,104,39,31.875,-31.875,Enabled,2,104,113,54,8,47.3125,104,157,18205.058044433597,48.1,46.45,1568,2006.9,5097.200000000001,-118.0,3189.1000000000004,3192.7000000000003,3189.6000000000004,3192.1000000000004,3191.1000000000004,3177.3,3192.1000000000004,3190.6000000000004,3190.8,3186.2000000000003,0.1,55.1,3197.3,3193.4,3192.8,3191.2000000000003,3188.7000000000003,0.0,0.0,0.1,0.0,0.0,0.1,0.0,0,2,0,2,1,6,2,1,3177.3,3197.3,3190.3,4,4,156.8,326.0,326.0,47.900000000000006,225.9,225.9,1,3350.0,1,0,0,1,0,0,0,1,0,0,1,0,208.0,309.70000000000005,711480,100.0,Active,51,0,1,0,0,0,1,1,0,0,1,1,0,1,54.8,35.0,Enable,OFF,OFF,OFF,ON,OFF,OFF,OFF,OFF,OFF,Night mode,OFF,ON,ON,Not pressed,Pressed,Not pressed,OFF,OFF,OFF,0,No Fault,0,120,120,27,27,27,26,26,26,8,0,21,23,10,14,12,255,0,0,29.5,69,0,939.9,88.4375,125.4375,87.0625,127.5,-0.625,17.0625,0.875,19.0,0,0,0,0.0,0,0,0,0,0,1200
2025-01-10 16:04:18,0x00000A11,True,can0,8,39.74714783333334,30.47466883333333,813.2,13.21,7.35,6,user1,t_1,01:44,100,False,['1000 km bakımı: Servise gidin.'],Load_Mode,Not_PreCharge,OFF,OFF,OFF,OFF,OFF,No error,ON,46,2,D_Posiiton,0,13.0,5,75.0,0,0,-400.0,4700,-1100,0,0,309,-250,0.0,0,0,13.0,2602,94,204,46,30.5,-30.5,Enabled,2,204,213,54,8,48.0,204,13,18291.23526000977,48.08,46.43,1568,2165.0,5097.6,-79.30000000000001,3201.9,3208.4,3208.4,3211.3,3208.1000000000004,3189.8,3205.1000000000004,3207.3,3209.5,3205.8,0.1,55.1,3209.7000000000003,3209.5,3211.0,3210.4,3206.0,0.0,0.0,0.0,0.0,0.0,0.1,0.0,0,2,0,2,1,6,1,4,3189.8,3211.3,3206.8,4,4,156.8,326.0,326.0,48.1,225.9,225.9,1,3350.0,1,0,0,1,0,0,0,1,0,0,1,0,208.0,309.70000000000005,711480,100.0,Active,51,0,1,0,0,0,1,1,0,0,1,1,0,1,54.8,35.0,Enable,OFF,OFF,OFF,ON,OFF,OFF,OFF,OFF,OFF,Night mode,OFF,ON,ON,Not pressed,Pressed,Not pressed,OFF,OFF,OFF,0,No Fault,0,125,125,26,26,26,25,25,25,9,0,21,23,10,15,11,255,0,0,30.0,69,0,939.9,88.4375,113.375,80.0625,110.625,-0.9375,15.9375,0.81640625,16.0,0,0,0,0.0,0,0,0,0,0,1200
2025-01-10 16:04:19,0x1919FF71,True,can0,8,39.7471465,30.4747545,813.9,13.21,7.35,4,user1,t_1,01:44,100,False,['1000 km bakımı: Servise gidin.'],Load_Mode,Not_PreCharge,OFF,OFF,OFF,OFF,OFF,No error,ON,46,2,D_Posiiton,0,12.0,5,75.0,0,0,-400.0,4700,-1100,0,0,309,-250,0.0,0,0,12.0,2566,83,13,48,31.8125,-31.8125,Enabled,2,13,22,54,9,48.1875,12,81,18346.39860534668,48.08,46.43,1568,2229.2000000000003,5097.8,-63.6,3215.4,3220.4,3218.8,3221.4,3220.8,3209.1000000000004,3219.0,3219.5,3219.5,3215.7000000000003,0.1,55.1,3223.0,3221.7000000000003,3221.4,3220.8,3218.5,0.0,0.0,0.0,0.0,0.0,0.0,0.0,0,2,0,2,1,6,2,1,3209.1000000000004,3223.0,3219.0,4,4,156.8,326.0,326.0,48.3,225.9,225.9,1,3350.0,1,0,0,1,0,0,0,1,0,0,1,0,208.0,309.70000000000005,711480,100.0,Active,51,0,1,0,0,0,1,1,0,0,1,1,0,1,54.8,35.0,Enable,OFF,OFF,OFF,ON,OFF,OFF,OFF,OFF,OFF,Night mode,OFF,ON,ON,Not pressed,Pressed,Not pressed,OFF,OFF,OFF,0,No Fault,0,128,128,24,24,24,24,24,24,9,0,21,23,10,15,9,255,0,0,30.0,69,0,939.9,64.0625,89.5625,70.8125,91.0,0.75,14.5625,0.734375,12.0,0,0,0,0.0,0,0,0,0,0,1200
