{
  "routes": [
    {
      "id": 0,
      "name": "test_newesoguv32-c05-ds1",
      "start_point": {
        "id": "cs5",
        "location": {
          "latitude": 39.751377,
          "longitude": 30.481888
        },
        "node_detail": {
          "depot": ""
        },
        "waypoints": [
          {
            "location": {
              "latitude": 39.75146312401697,
              "longitude": 30.481972175568906
            }
          },
          {
            "location": {
              "latitude": 39.75143092559329,
              "longitude": 30.481933084209388
            }
          },
          {
            "location": {
              "latitude": 39.751373290154994,
              "longitude": 30.48188418245822
            }
          },
          {
            "location": {
              "latitude": 39.75131575595564,
              "longitude": 30.481839945426064
            }
          },
          {
            "location": {
              "latitude": 39.75130333958483,
              "longitude": 30.48182405864984
            }
          },
          {
            "location": {
              "latitude": 39.75124376511115,
              "longitude": 30.481789582815857
            }
          },
          {
            "location": {
              "latitude": 39.751200030629015,
              "longitude": 30.481791759772264
            }
          },
          {
            "location": {
              "latitude": 39.75114072866773,
              "longitude": 30.481794737321405
            }
          },
          {
            "location": {
              "latitude": 39.751138928373905,
              "longitude": 30.481794802912766
            }
          },
          {
            "location": {
              "latitude": 39.75107941920095,
              "longitude": 30.481883684944666
            }
          },
          {
            "location": {
              "latitude": 39.75110535056606,
              "longitude": 30.48216528990301
            }
          },
          {
            "location": {
              "latitude": 39.751131673185796,
              "longitude": 30.482473256817748
            }
          },
          {
            "location": {
              "latitude": 39.75116830669597,
              "longitude": 30.48296583059279
            }
          },
          {
            "location": {
              "latitude": 39.75121557047139,
              "longitude": 30.483549867121226
            }
          },
          {
            "location": {
              "latitude": 39.7512622219201,
              "longitude": 30.48412657417143
            }
          },
          {
            "location": {
              "latitude": 39.75131070721165,
              "longitude": 30.48466750258873
            }
          },
          {
            "location": {
              "latitude": 39.75131555691902,
              "longitude": 30.484724979970743
            }
          },
          {
            "location": {
              "latitude": 39.75135084964184,
              "longitude": 30.48516030140598
            }
          },
          {
            "location": {
              "latitude": 39.75135579670607,
              "longitude": 30.485218125442593
            }
          },
          {
            "location": {
              "latitude": 39.751429401719115,
              "longitude": 30.486020502285434
            }
          },
          {
            "location": {
              "latitude": 39.75146236934338,
              "longitude": 30.486357057614313
            }
          },
          {
            "location": {
              "latitude": 39.751497338015724,
              "longitude": 30.486756913278583
            }
          },
          {
            "location": {
              "latitude": 39.751532782122005,
              "longitude": 30.487232846127924
            }
          },
          {
            "location": {
              "latitude": 39.75153329029596,
              "longitude": 30.487235511952154
            }
          },
          {
            "location": {
              "latitude": 39.7515475570317,
              "longitude": 30.487311904300533
            }
          },
          {
            "location": {
              "latitude": 39.75160105369388,
              "longitude": 30.487598230138968
            }
          },
          {
            "location": {
              "latitude": 39.75164162594039,
              "longitude": 30.48774952720859
            }
          },
          {
            "location": {
              "latitude": 39.75165069925128,
              "longitude": 30.48776915462684
            }
          },
          {
            "location": {
              "latitude": 39.75173134136028,
              "longitude": 30.487911292746194
            }
          },
          {
            "location": {
              "latitude": 39.7517815285804,
              "longitude": 30.48797412548147
            }
          },
          {
            "location": {
              "latitude": 39.751834524652224,
              "longitude": 30.488029386833887
            }
          },
          {
            "location": {
              "latitude": 39.75188999730289,
              "longitude": 30.48807837267027
            }
          },
          {
            "location": {
              "latitude": 39.75197892465703,
              "longitude": 30.488145516502627
            }
          },
          {
            "location": {
              "latitude": 39.752054701027575,
              "longitude": 30.48818361091718
            }
          },
          {
            "location": {
              "latitude": 39.7520961771882,
              "longitude": 30.488201944211553
            }
          },
          {
            "location": {
              "latitude": 39.7522065480117,
              "longitude": 30.488244266886408
            }
          },
          {
            "location": {
              "latitude": 39.752397201809515,
              "longitude": 30.488245741310042
            }
          },
          {
            "location": {
              "latitude": 39.752409986481396,
              "longitude": 30.48824539340114
            }
          },
          {
            "location": {
              "latitude": 39.752540234193184,
              "longitude": 30.488244628089998
            }
          },
          {
            "location": {
              "latitude": 39.75279638793277,
              "longitude": 30.488250607988352
            }
          },
          {
            "location": {
              "latitude": 39.75291648590522,
              "longitude": 30.488259548391987
            }
          },
          {
            "location": {
              "latitude": 39.75298569330788,
              "longitude": 30.48834374959878
            }
          },
          {
            "location": {
              "latitude": 39.75301640695827,
              "longitude": 30.488730464700758
            }
          },
          {
            "location": {
              "latitude": 39.75302282090111,
              "longitude": 30.489355570288122
            }
          },
          {
            "location": {
              "latitude": 39.75302512189814,
              "longitude": 30.48950767812683
            }
          },
          {
            "location": {
              "latitude": 39.75302508235936,
              "longitude": 30.489510013787406
            }
          },
          {
            "location": {
              "latitude": 39.753028378368704,
              "longitude": 30.489662318920992
            }
          },
          {
            "location": {
              "latitude": 39.753042696670235,
              "longitude": 30.490315732012004
            }
          },
          {
            "location": {
              "latitude": 39.753039716976204,
              "longitude": 30.490790154771044
            }
          },
          {
            "location": {
              "latitude": 39.75297509539849,
              "longitude": 30.490855408220277
            }
          },
          {
            "location": {
              "latitude": 39.75258518619206,
              "longitude": 30.490867112742094
            }
          },
          {
            "location": {
              "latitude": 39.752533632570376,
              "longitude": 30.49080350981059
            }
          },
          {
            "location": {
              "latitude": 39.752523282521615,
              "longitude": 30.49021263075773
            }
          }
        ],
        "visited": false,
        "visit_time": null
      },
      "end_point": {
        "id": "cs5",
        "location": {
          "latitude": 39.751377,
          "longitude": 30.481888
        },
        "node_detail": {
          "depot": ""
        },
        "waypoints": [
          {
            "location": {
              "latitude": 39.75291272399985,
              "longitude": 30.488065011151395
            }
          },
          {
            "location": {
              "latitude": 39.75263592134255,
              "longitude": 30.488116387047675
            }
          },
          {
            "location": {
              "latitude": 39.75239473388148,
              "longitude": 30.488127603637814
            }
          },
          {
            "location": {
              "latitude": 39.752201574966946,
              "longitude": 30.488139408792286
            }
          },
          {
            "location": {
              "latitude": 39.752144190776356,
              "longitude": 30.488143595086772
            }
          },
          {
            "location": {
              "latitude": 39.75209927248814,
              "longitude": 30.48815351393506
            }
          },
          {
            "location": {
              "latitude": 39.752065117992,
              "longitude": 30.48814880301665
            }
          },
          {
            "location": {
              "latitude": 39.751991524700465,
              "longitude": 30.48811167968008
            }
          },
          {
            "location": {
              "latitude": 39.751905348285895,
              "longitude": 30.488046770085678
            }
          },
          {
            "location": {
              "latitude": 39.75185171127854,
              "longitude": 30.487999351477576
            }
          },
          {
            "location": {
              "latitude": 39.75180056095089,
              "longitude": 30.48794612381513
            }
          },
          {
            "location": {
              "latitude": 39.75175138913586,
              "longitude": 30.48788442126804
            }
          },
          {
            "location": {
              "latitude": 39.751675419484066,
              "longitude": 30.487750049510616
            }
          },
          {
            "location": {
              "latitude": 39.7516679471414,
              "longitude": 30.48773363174445
            }
          },
          {
            "location": {
              "latitude": 39.751628751265336,
              "longitude": 30.4875876532018
            }
          },
          {
            "location": {
              "latitude": 39.7515755650345,
              "longitude": 30.48730318331229
            }
          },
          {
            "location": {
              "latitude": 39.75156129576612,
              "longitude": 30.487226674318485
            }
          },
          {
            "location": {
              "latitude": 39.75152608218892,
              "longitude": 30.486753067066978
            }
          },
          {
            "location": {
              "latitude": 39.751491126132855,
              "longitude": 30.48635379432311
            }
          },
          {
            "location": {
              "latitude": 39.75145534862916,
              "longitude": 30.485987346974213
            }
          },
          {
            "location": {
              "latitude": 39.75138444068187,
              "longitude": 30.48521381541398
            }
          },
          {
            "location": {
              "latitude": 39.751379503727186,
              "longitude": 30.48515645781943
            }
          },
          {
            "location": {
              "latitude": 39.75134421098449,
              "longitude": 30.484721136207124
            }
          },
          {
            "location": {
              "latitude": 39.7513393536887,
              "longitude": 30.48466330895296
            }
          },
          {
            "location": {
              "latitude": 39.75129087342914,
              "longitude": 30.48412261354865
            }
          },
          {
            "location": {
              "latitude": 39.751244229542664,
              "longitude": 30.483546256112003
            }
          },
          {
            "location": {
              "latitude": 39.75119705069589,
              "longitude": 30.48296198283594
            }
          },
          {
            "location": {
              "latitude": 39.751160417163156,
              "longitude": 30.48246940885966
            }
          },
          {
            "location": {
              "latitude": 39.75113390437547,
              "longitude": 30.48216098191477
            }
          },
          {
            "location": {
              "latitude": 39.75110806301112,
              "longitude": 30.48187937356331
            }
          },
          {
            "location": {
              "latitude": 39.7511396121639,
              "longitude": 30.481818002872263
            }
          },
          {
            "location": {
              "latitude": 39.751141412457784,
              "longitude": 30.481817937281498
            }
          },
          {
            "location": {
              "latitude": 39.75120071695173,
              "longitude": 30.481815076367962
            }
          },
          {
            "location": {
              "latitude": 39.75124445143475,
              "longitude": 30.48181289942625
            }
          },
          {
            "location": {
              "latitude": 39.751285621285085,
              "longitude": 30.481841976995106
            }
          },
          {
            "location": {
              "latitude": 39.75129543735301,
              "longitude": 30.48185842534015
            }
          },
          {
            "location": {
              "latitude": 39.75136174063955,
              "longitude": 30.48191237980865
            }
          },
          {
            "location": {
              "latitude": 39.75142210830182,
              "longitude": 30.481958497743666
            }
          },
          {
            "location": {
              "latitude": 39.75145142908596,
              "longitude": 30.481989524355903
            }
          },
          {
            "location": {
              "latitude": 39.75146312401697,
              "longitude": 30.481972175568906
            }
          },
          {
            "location": {
              "latitude": 39.75143092559329,
              "longitude": 30.481933084209388
            }
          },
          {
            "location": {
              "latitude": 39.751373290154994,
              "longitude": 30.48188418245822
            }
          },
          {
            "location": {
              "latitude": 39.75131575595564,
              "longitude": 30.481839945426064
            }
          },
          {
            "location": {
              "latitude": 39.75130333958483,
              "longitude": 30.48182405864984
            }
          }
        ],
        "visited": false,
        "visit_time": null
      },
      "delivery_points": [
        {
          "id": "115",
          "location": {
            "latitude": 39.7523728688112,
            "longitude": 30.49019735592993
          },
          "node_detail": {
            "customer": {
              "requests": {
                "product_id": "1",
                "product_name": "A",
                "ready_time": 1459,
                "due_date": 1531,
                "service_time": 180,
                "status": "Ordered",
                "load_information": {
                  "weight": 76,
                  "quantity": 4
                }
              }
            }
          },
          "waypoints": [
            {
              "location": {
                "latitude": 39.75250865389324,
                "longitude": 30.490194371607597
              }
            },
            {
              "location": {
                "latitude": 39.75231326023966,
                "longitude": 30.49019866601554
              }
            },
            {
              "location": {
                "latitude": 39.75230313459298,
                "longitude": 30.490230311994964
              }
            },
            {
              "location": {
                "latitude": 39.75242622298189,
                "longitude": 30.490394138406586
              }
            },
            {
              "location": {
                "latitude": 39.75243002794712,
                "longitude": 30.490403453773574
              }
            },
            {
              "location": {
                "latitude": 39.75249304576299,
                "longitude": 30.49080545015421
              }
            },
            {
              "location": {
                "latitude": 39.75250600304034,
                "longitude": 30.490938029553785
              }
            },
            {
              "location": {
                "latitude": 39.75250526584482,
                "longitude": 30.49108721216005
              }
            },
            {
              "location": {
                "latitude": 39.75252008698007,
                "longitude": 30.49110604806473
              }
            },
            {
              "location": {
                "latitude": 39.75296243482541,
                "longitude": 30.491090573953503
              }
            },
            {
              "location": {
                "latitude": 39.75302918071523,
                "longitude": 30.491152692302705
              }
            },
            {
              "location": {
                "latitude": 39.75305869725735,
                "longitude": 30.492092780830507
              }
            },
            {
              "location": {
                "latitude": 39.753058634508655,
                "longitude": 30.492189886923565
              }
            },
            {
              "location": {
                "latitude": 39.75300595463932,
                "longitude": 30.492257506863325
              }
            },
            {
              "location": {
                "latitude": 39.75217961702541,
                "longitude": 30.492308497291965
              }
            },
            {
              "location": {
                "latitude": 39.752049554112105,
                "longitude": 30.492309481606835
              }
            },
            {
              "location": {
                "latitude": 39.751722024075185,
                "longitude": 30.492327200587273
              }
            },
            {
              "location": {
                "latitude": 39.75162270073708,
                "longitude": 30.4923374566216
              }
            }
          ],
          "visited": false,
          "visit_time": null
        },
        {
          "id": "2",
          "location": {
            "latitude": 39.751938002852754,
            "longitude": 30.49231551642376
          },
          "node_detail": {
            "customer": {
              "requests": {
                "product_id": "1",
                "product_name": "A",
                "ready_time": 257,
                "due_date": 303,
                "service_time": 120,
                "status": "Ordered",
                "load_information": {
                  "weight": 95,
                  "quantity": 5
                }
              }
            }
          },
          "waypoints": [
            {
              "location": {
                "latitude": 39.75300595463932,
                "longitude": 30.492257506863325
              }
            },
            {
              "location": {
                "latitude": 39.75217961702541,
                "longitude": 30.492308497291965
              }
            },
            {
              "location": {
                "latitude": 39.752049554112105,
                "longitude": 30.492309481606835
              }
            },
            {
              "location": {
                "latitude": 39.751722024075185,
                "longitude": 30.492327200587273
              }
            },
            {
              "location": {
                "latitude": 39.75162270073708,
                "longitude": 30.4923374566216
              }
            },
            {
              "location": {
                "latitude": 39.75156728157919,
                "longitude": 30.492470064460527
              }
            },
            {
              "location": {
                "latitude": 39.75157176838764,
                "longitude": 30.492911060988472
              }
            },
            {
              "location": {
                "latitude": 39.7516005859343,
                "longitude": 30.492910599226892
              }
            },
            {
              "location": {
                "latitude": 39.75159612831114,
                "longitude": 30.492479288290582
              }
            },
            {
              "location": {
                "latitude": 39.75164058514123,
                "longitude": 30.49237298751258
              }
            },
            {
              "location": {
                "latitude": 39.7517237309182,
                "longitude": 30.49236448555995
              }
            },
            {
              "location": {
                "latitude": 39.75205018078135,
                "longitude": 30.492346805946404
              }
            },
            {
              "location": {
                "latitude": 39.752180423727985,
                "longitude": 30.492345815169802
              }
            },
            {
              "location": {
                "latitude": 39.75300730146449,
                "longitude": 30.49229480558889
              }
            },
            {
              "location": {
                "latitude": 39.753130612262176,
                "longitude": 30.492189842815524
              }
            },
            {
              "location": {
                "latitude": 39.7531305840671,
                "longitude": 30.491034517388435
              }
            },
            {
              "location": {
                "latitude": 39.75312796600953,
                "longitude": 30.49090097785952
              }
            },
            {
              "location": {
                "latitude": 39.75311808556062,
                "longitude": 30.490644104646865
              }
            },
            {
              "location": {
                "latitude": 39.7531164088628,
                "longitude": 30.49055826594152
              }
            },
            {
              "location": {
                "latitude": 39.75310833884685,
                "longitude": 30.489569079984676
              }
            },
            {
              "location": {
                "latitude": 39.7531069548833,
                "longitude": 30.48940106590312
              }
            },
            {
              "location": {
                "latitude": 39.75310249794291,
                "longitude": 30.488916292177006
              }
            },
            {
              "location": {
                "latitude": 39.75310560586544,
                "longitude": 30.488589620923513
              }
            },
            {
              "location": {
                "latitude": 39.753124564790184,
                "longitude": 30.488341854029876
              }
            },
            {
              "location": {
                "latitude": 39.75316718885716,
                "longitude": 30.488171890404914
              }
            },
            {
              "location": {
                "latitude": 39.75316780292065,
                "longitude": 30.488166966207075
              }
            },
            {
              "location": {
                "latitude": 39.753167379430195,
                "longitude": 30.488139087565205
              }
            },
            {
              "location": {
                "latitude": 39.75316706140599,
                "longitude": 30.488136881606344
              }
            },
            {
              "location": {
                "latitude": 39.75305861762007,
                "longitude": 30.488008822500326
              }
            },
            {
              "location": {
                "latitude": 39.753043505185914,
                "longitude": 30.488009838623974
              }
            },
            {
              "location": {
                "latitude": 39.75291272399985,
                "longitude": 30.488065011151395
              }
            }
          ],
          "visited": false,
          "visit_time": null
        },
        {
          "id": "32",
          "location": {
            "latitude": 39.75248734145033,
            "longitude": 30.488123296873173
          },
          "node_detail": {
            "customer": {
              "requests": {
                "product_id": "1",
                "product_name": "A",
                "ready_time": 1322,
                "due_date": 1378,
                "service_time": 180,
                "status": "Ordered",
                "load_information": {
                  "weight": 76,
                  "quantity": 4
                }
              }
            }
          },
          "waypoints": [
            {
              "location": {
                "latitude": 39.75291272399985,
                "longitude": 30.488065011151395
              }
            },
            {
              "location": {
                "latitude": 39.75263592134255,
                "longitude": 30.488116387047675
              }
            },
            {
              "location": {
                "latitude": 39.75239473388148,
                "longitude": 30.488127603637814
              }
            },
            {
              "location": {
                "latitude": 39.752201574966946,
                "longitude": 30.488139408792286
              }
            },
            {
              "location": {
                "latitude": 39.752144190776356,
                "longitude": 30.488143595086772
              }
            },
            {
              "location": {
                "latitude": 39.75209927248814,
                "longitude": 30.48815351393506
              }
            },
            {
              "location": {
                "latitude": 39.752065117992,
                "longitude": 30.48814880301665
              }
            },
            {
              "location": {
                "latitude": 39.751991524700465,
                "longitude": 30.48811167968008
              }
            },
            {
              "location": {
                "latitude": 39.751905348285895,
                "longitude": 30.488046770085678
              }
            },
            {
              "location": {
                "latitude": 39.75185171127854,
                "longitude": 30.487999351477576
              }
            },
            {
              "location": {
                "latitude": 39.75180056095089,
                "longitude": 30.48794612381513
              }
            },
            {
              "location": {
                "latitude": 39.75175138913586,
                "longitude": 30.48788442126804
              }
            },
            {
              "location": {
                "latitude": 39.751675419484066,
                "longitude": 30.487750049510616
              }
            },
            {
              "location": {
                "latitude": 39.7516679471414,
                "longitude": 30.48773363174445
              }
            },
            {
              "location": {
                "latitude": 39.751628751265336,
                "longitude": 30.4875876532018
              }
            },
            {
              "location": {
                "latitude": 39.7515755650345,
                "longitude": 30.48730318331229
              }
            },
            {
              "location": {
                "latitude": 39.75156129576612,
                "longitude": 30.487226674318485
              }
            },
            {
              "location": {
                "latitude": 39.75152608218892,
                "longitude": 30.486753067066978
              }
            },
            {
              "location": {
                "latitude": 39.751491126132855,
                "longitude": 30.48635379432311
              }
            },
            {
              "location": {
                "latitude": 39.75145534862916,
                "longitude": 30.485987346974213
              }
            },
            {
              "location": {
                "latitude": 39.75138444068187,
                "longitude": 30.48521381541398
              }
            },
            {
              "location": {
                "latitude": 39.751379503727186,
                "longitude": 30.48515645781943
              }
            },
            {
              "location": {
                "latitude": 39.75134421098449,
                "longitude": 30.484721136207124
              }
            },
            {
              "location": {
                "latitude": 39.7513393536887,
                "longitude": 30.48466330895296
              }
            },
            {
              "location": {
                "latitude": 39.75129087342914,
                "longitude": 30.48412261354865
              }
            },
            {
              "location": {
                "latitude": 39.751244229542664,
                "longitude": 30.483546256112003
              }
            },
            {
              "location": {
                "latitude": 39.75119705069589,
                "longitude": 30.48296198283594
              }
            },
            {
              "location": {
                "latitude": 39.751160417163156,
                "longitude": 30.48246940885966
              }
            },
            {
              "location": {
                "latitude": 39.75113390437547,
                "longitude": 30.48216098191477
              }
            },
            {
              "location": {
                "latitude": 39.75110806301112,
                "longitude": 30.48187937356331
              }
            },
            {
              "location": {
                "latitude": 39.7511396121639,
                "longitude": 30.481818002872263
              }
            },
            {
              "location": {
                "latitude": 39.751141412457784,
                "longitude": 30.481817937281498
              }
            },
            {
              "location": {
                "latitude": 39.75120071695173,
                "longitude": 30.481815076367962
              }
            },
            {
              "location": {
                "latitude": 39.75124445143475,
                "longitude": 30.48181289942625
              }
            },
            {
              "location": {
                "latitude": 39.751285621285085,
                "longitude": 30.481841976995106
              }
            },
            {
              "location": {
                "latitude": 39.75129543735301,
                "longitude": 30.48185842534015
              }
            },
            {
              "location": {
                "latitude": 39.75136174063955,
                "longitude": 30.48191237980865
              }
            },
            {
              "location": {
                "latitude": 39.75142210830182,
                "longitude": 30.481958497743666
              }
            },
            {
              "location": {
                "latitude": 39.75145142908596,
                "longitude": 30.481989524355903
              }
            },
            {
              "location": {
                "latitude": 39.75146312401697,
                "longitude": 30.481972175568906
              }
            },
            {
              "location": {
                "latitude": 39.75143092559329,
                "longitude": 30.481933084209388
              }
            },
            {
              "location": {
                "latitude": 39.751373290154994,
                "longitude": 30.48188418245822
              }
            }
          ],
          "visited": false,
          "visit_time": null
        }
      ]
    },
    {
      "id": 1,
      "name": "test_newesoguv32-c05-ds1",
      "start_point": {
        "id": "cs5",
        "location": {
          "latitude": 39.751377,
          "longitude": 30.481888
        },
        "node_detail": {
          "depot": ""
        },
        "waypoints": [
          {
            "location": {
              "latitude": 39.75146312401697,
              "longitude": 30.481972175568906
            }
          },
          {
            "location": {
              "latitude": 39.75143092559329,
              "longitude": 30.481933084209388
            }
          },
          {
            "location": {
              "latitude": 39.751373290154994,
              "longitude": 30.48188418245822
            }
          },
          {
            "location": {
              "latitude": 39.75131575595564,
              "longitude": 30.481839945426064
            }
          },
          {
            "location": {
              "latitude": 39.75130333958483,
              "longitude": 30.48182405864984
            }
          },
          {
            "location": {
              "latitude": 39.75124376511115,
              "longitude": 30.481789582815857
            }
          },
          {
            "location": {
              "latitude": 39.751200030629015,
              "longitude": 30.481791759772264
            }
          },
          {
            "location": {
              "latitude": 39.75114072866773,
              "longitude": 30.481794737321405
            }
          },
          {
            "location": {
              "latitude": 39.751138928373905,
              "longitude": 30.481794802912766
            }
          },
          {
            "location": {
              "latitude": 39.75109602379545,
              "longitude": 30.481739762787104
            }
          },
          {
            "location": {
              "latitude": 39.751091189219146,
              "longitude": 30.48167890074309
            }
          },
          {
            "location": {
              "latitude": 39.751081409063694,
              "longitude": 30.481460780085094
            }
          },
          {
            "location": {
              "latitude": 39.75107718585089,
              "longitude": 30.481266265380214
            }
          },
          {
            "location": {
              "latitude": 39.751073444294335,
              "longitude": 30.480932150649842
            }
          },
          {
            "location": {
              "latitude": 39.75107295509315,
              "longitude": 30.480880583643025
            }
          },
          {
            "location": {
              "latitude": 39.751072409002035,
              "longitude": 30.480822249660026
            }
          },
          {
            "location": {
              "latitude": 39.75106985676699,
              "longitude": 30.480534658041293
            }
          },
          {
            "location": {
              "latitude": 39.75117251635232,
              "longitude": 30.480433348064143
            }
          },
          {
            "location": {
              "latitude": 39.751450449661796,
              "longitude": 30.480425900654993
            }
          },
          {
            "location": {
              "latitude": 39.75149599957815,
              "longitude": 30.480424356887983
            }
          },
          {
            "location": {
              "latitude": 39.7517427790556,
              "longitude": 30.480413493387367
            }
          },
          {
            "location": {
              "latitude": 39.75180550909067,
              "longitude": 30.48041073975618
            }
          },
          {
            "location": {
              "latitude": 39.75224444181654,
              "longitude": 30.480391587294186
            }
          },
          {
            "location": {
              "latitude": 39.75234379571311,
              "longitude": 30.48049685564498
            }
          },
          {
            "location": {
              "latitude": 39.752474199599924,
              "longitude": 30.481115158975044
            }
          },
          {
            "location": {
              "latitude": 39.752421773316534,
              "longitude": 30.48119415665749
            }
          }
        ],
        "visited": false,
        "visit_time": null
      },
      "end_point": {
        "id": "cs5",
        "location": {
          "latitude": 39.751377,
          "longitude": 30.481888
        },
        "node_detail": {
          "depot": ""
        },
        "waypoints": [
          {
            "location": {
              "latitude": 39.7527310097895,
              "longitude": 30.48583975725265
            }
          },
          {
            "location": {
              "latitude": 39.75266822268082,
              "longitude": 30.48580247638821
            }
          },
          {
            "location": {
              "latitude": 39.75257879659647,
              "longitude": 30.48577888609664
            }
          },
          {
            "location": {
              "latitude": 39.75224726901444,
              "longitude": 30.48579082954591
            }
          },
          {
            "location": {
              "latitude": 39.75224807781351,
              "longitude": 30.48582814727366
            }
          },
          {
            "location": {
              "latitude": 39.75257636486684,
              "longitude": 30.48581632188498
            }
          },
          {
            "location": {
              "latitude": 39.752659269428996,
              "longitude": 30.485838282089762
            }
          },
          {
            "location": {
              "latitude": 39.75271092052829,
              "longitude": 30.485868848724742
            }
          },
          {
            "location": {
              "latitude": 39.752619014683255,
              "longitude": 30.485934515341462
            }
          },
          {
            "location": {
              "latitude": 39.752606240141745,
              "longitude": 30.485935330154835
            }
          },
          {
            "location": {
              "latitude": 39.75247810939076,
              "longitude": 30.485942325179405
            }
          },
          {
            "location": {
              "latitude": 39.752172994056146,
              "longitude": 30.48595505770697
            }
          },
          {
            "location": {
              "latitude": 39.75209583354021,
              "longitude": 30.485957047430286
            }
          },
          {
            "location": {
              "latitude": 39.75197834379072,
              "longitude": 30.485960387389827
            }
          },
          {
            "location": {
              "latitude": 39.751848184673804,
              "longitude": 30.485965238548342
            }
          },
          {
            "location": {
              "latitude": 39.75169734991027,
              "longitude": 30.485972125528363
            }
          },
          {
            "location": {
              "latitude": 39.75162384305947,
              "longitude": 30.485976433177658
            }
          },
          {
            "location": {
              "latitude": 39.75161008340495,
              "longitude": 30.485977517211506
            }
          },
          {
            "location": {
              "latitude": 39.75155019661405,
              "longitude": 30.48598261322982
            }
          },
          {
            "location": {
              "latitude": 39.75153482174423,
              "longitude": 30.485983989428856
            }
          },
          {
            "location": {
              "latitude": 39.75145534862916,
              "longitude": 30.485987346974213
            }
          },
          {
            "location": {
              "latitude": 39.75138444068187,
              "longitude": 30.48521381541398
            }
          },
          {
            "location": {
              "latitude": 39.751379503727186,
              "longitude": 30.48515645781943
            }
          },
          {
            "location": {
              "latitude": 39.75134421098449,
              "longitude": 30.484721136207124
            }
          },
          {
            "location": {
              "latitude": 39.7513393536887,
              "longitude": 30.48466330895296
            }
          },
          {
            "location": {
              "latitude": 39.75129087342914,
              "longitude": 30.48412261354865
            }
          },
          {
            "location": {
              "latitude": 39.751244229542664,
              "longitude": 30.483546256112003
            }
          },
          {
            "location": {
              "latitude": 39.75119705069589,
              "longitude": 30.48296198283594
            }
          },
          {
            "location": {
              "latitude": 39.751160417163156,
              "longitude": 30.48246940885966
            }
          },
          {
            "location": {
              "latitude": 39.75113390437547,
              "longitude": 30.48216098191477
            }
          },
          {
            "location": {
              "latitude": 39.75110806301112,
              "longitude": 30.48187937356331
            }
          },
          {
            "location": {
              "latitude": 39.7511396121639,
              "longitude": 30.481818002872263
            }
          },
          {
            "location": {
              "latitude": 39.751141412457784,
              "longitude": 30.481817937281498
            }
          },
          {
            "location": {
              "latitude": 39.75120071695173,
              "longitude": 30.481815076367962
            }
          },
          {
            "location": {
              "latitude": 39.75124445143475,
              "longitude": 30.48181289942625
            }
          },
          {
            "location": {
              "latitude": 39.751285621285085,
              "longitude": 30.481841976995106
            }
          },
          {
            "location": {
              "latitude": 39.75129543735301,
              "longitude": 30.48185842534015
            }
          },
          {
            "location": {
              "latitude": 39.75136174063955,
              "longitude": 30.48191237980865
            }
          },
          {
            "location": {
              "latitude": 39.75142210830182,
              "longitude": 30.481958497743666
            }
          },
          {
            "location": {
              "latitude": 39.75145142908596,
              "longitude": 30.481989524355903
            }
          },
          {
            "location": {
              "latitude": 39.75146312401697,
              "longitude": 30.481972175568906
            }
          },
          {
            "location": {
              "latitude": 39.75143092559329,
              "longitude": 30.481933084209388
            }
          },
          {
            "location": {
              "latitude": 39.751373290154994,
              "longitude": 30.48188418245822
            }
          },
          {
            "location": {
              "latitude": 39.75131575595564,
              "longitude": 30.481839945426064
            }
          },
          {
            "location": {
              "latitude": 39.75130333958483,
              "longitude": 30.48182405864984
            }
          }
        ],
        "visited": false,
        "visit_time": null
      },
      "delivery_points": [
        {
          "id": "42B",
          "location": {
            "latitude": 39.752332547967136,
            "longitude": 30.481199405139684
          },
          "node_detail": {
            "customer": {
              "requests": {
                "product_id": "1",
                "product_name": "A",
                "ready_time": 649,
                "due_date": 729,
                "service_time": 120,
                "status": "Ordered",
                "load_information": {
                  "weight": 95,
                  "quantity": 5
                }
              }
            }
          },
          "waypoints": [
            {
              "location": {
                "latitude": 39.752421773316534,
                "longitude": 30.48119415665749
              }
            },
            {
              "location": {
                "latitude": 39.752390969198096,
                "longitude": 30.48119854716412
              }
            },
            {
              "location": {
                "latitude": 39.752305144739736,
                "longitude": 30.481199807582726
              }
            },
            {
              "location": {
                "latitude": 39.752305414927925,
                "longitude": 30.481237144892553
              }
            },
            {
              "location": {
                "latitude": 39.75239267962228,
                "longitude": 30.481235832033235
              }
            },
            {
              "location": {
                "latitude": 39.75242492144468,
                "longitude": 30.481231272438006
              }
            },
            {
              "location": {
                "latitude": 39.752532195713336,
                "longitude": 30.481423377838457
              }
            },
            {
              "location": {
                "latitude": 39.75267871757928,
                "longitude": 30.482240789141457
              }
            },
            {
              "location": {
                "latitude": 39.7527081382595,
                "longitude": 30.482405096236263
              }
            },
            {
              "location": {
                "latitude": 39.75286663733332,
                "longitude": 30.483289067674587
              }
            },
            {
              "location": {
                "latitude": 39.752889698190984,
                "longitude": 30.48345926773548
              }
            },
            {
              "location": {
                "latitude": 39.75293568715818,
                "longitude": 30.483982559139033
              }
            },
            {
              "location": {
                "latitude": 39.75293720453356,
                "longitude": 30.484056673727032
              }
            },
            {
              "location": {
                "latitude": 39.75294067288923,
                "longitude": 30.484224903065847
              }
            },
            {
              "location": {
                "latitude": 39.75294818771533,
                "longitude": 30.48459221082633
              }
            },
            {
              "location": {
                "latitude": 39.75295166667428,
                "longitude": 30.484760965045183
              }
            },
            {
              "location": {
                "latitude": 39.752974746964796,
                "longitude": 30.4858921640451
              }
            },
            {
              "location": {
                "latitude": 39.7527310097895,
                "longitude": 30.48583975725265
              }
            },
            {
              "location": {
                "latitude": 39.75266822268082,
                "longitude": 30.48580247638821
              }
            }
          ],
          "visited": false,
          "visit_time": null
        },
        {
          "id": "35",
          "location": {
            "latitude": 39.75231982730744,
            "longitude": 30.48578821561364
          },
          "node_detail": {
            "customer": {
              "requests": {
                "product_id": "1",
                "product_name": "A",
                "ready_time": 1649,
                "due_date": 1731,
                "service_time": 120,
                "status": "Ordered",
                "load_information": {
                  "weight": 19,
                  "quantity": 1
                }
              }
            }
          },
          "waypoints": [
            {
              "location": {
                "latitude": 39.7527310097895,
                "longitude": 30.48583975725265
              }
            },
            {
              "location": {
                "latitude": 39.75266822268082,
                "longitude": 30.48580247638821
              }
            },
            {
              "location": {
                "latitude": 39.75257879659647,
                "longitude": 30.48577888609664
              }
            },
            {
              "location": {
                "latitude": 39.75224726901444,
                "longitude": 30.48579082954591
              }
            },
            {
              "location": {
                "latitude": 39.75224807781351,
                "longitude": 30.48582814727366
              }
            },
            {
              "location": {
                "latitude": 39.75257636486684,
                "longitude": 30.48581632188498
              }
            },
            {
              "location": {
                "latitude": 39.752659269428996,
                "longitude": 30.485838282089762
              }
            },
            {
              "location": {
                "latitude": 39.75271092052829,
                "longitude": 30.485868848724742
              }
            },
            {
              "location": {
                "latitude": 39.752619014683255,
                "longitude": 30.485934515341462
              }
            },
            {
              "location": {
                "latitude": 39.752606240141745,
                "longitude": 30.485935330154835
              }
            },
            {
              "location": {
                "latitude": 39.75247810939076,
                "longitude": 30.485942325179405
              }
            },
            {
              "location": {
                "latitude": 39.752172994056146,
                "longitude": 30.48595505770697
              }
            },
            {
              "location": {
                "latitude": 39.75209583354021,
                "longitude": 30.485957047430286
              }
            },
            {
              "location": {
                "latitude": 39.75197834379072,
                "longitude": 30.485960387389827
              }
            },
            {
              "location": {
                "latitude": 39.751848184673804,
                "longitude": 30.485965238548342
              }
            },
            {
              "location": {
                "latitude": 39.75169734991027,
                "longitude": 30.485972125528363
              }
            },
            {
              "location": {
                "latitude": 39.75162384305947,
                "longitude": 30.485976433177658
              }
            },
            {
              "location": {
                "latitude": 39.75161008340495,
                "longitude": 30.485977517211506
              }
            },
            {
              "location": {
                "latitude": 39.75155019661405,
                "longitude": 30.48598261322982
              }
            },
            {
              "location": {
                "latitude": 39.75153482174423,
                "longitude": 30.485983989428856
              }
            },
            {
              "location": {
                "latitude": 39.75145534862916,
                "longitude": 30.485987346974213
              }
            },
            {
              "location": {
                "latitude": 39.75138444068187,
                "longitude": 30.48521381541398
              }
            },
            {
              "location": {
                "latitude": 39.751379503727186,
                "longitude": 30.48515645781943
              }
            },
            {
              "location": {
                "latitude": 39.75134421098449,
                "longitude": 30.484721136207124
              }
            },
            {
              "location": {
                "latitude": 39.7513393536887,
                "longitude": 30.48466330895296
              }
            },
            {
              "location": {
                "latitude": 39.75129087342914,
                "longitude": 30.48412261354865
              }
            },
            {
              "location": {
                "latitude": 39.751244229542664,
                "longitude": 30.483546256112003
              }
            },
            {
              "location": {
                "latitude": 39.75119705069589,
                "longitude": 30.48296198283594
              }
            },
            {
              "location": {
                "latitude": 39.751160417163156,
                "longitude": 30.48246940885966
              }
            },
            {
              "location": {
                "latitude": 39.75113390437547,
                "longitude": 30.48216098191477
              }
            },
            {
              "location": {
                "latitude": 39.75110806301112,
                "longitude": 30.48187937356331
              }
            },
            {
              "location": {
                "latitude": 39.7511396121639,
                "longitude": 30.481818002872263
              }
            },
            {
              "location": {
                "latitude": 39.751141412457784,
                "longitude": 30.481817937281498
              }
            },
            {
              "location": {
                "latitude": 39.75120071695173,
                "longitude": 30.481815076367962
              }
            },
            {
              "location": {
                "latitude": 39.75124445143475,
                "longitude": 30.48181289942625
              }
            },
            {
              "location": {
                "latitude": 39.751285621285085,
                "longitude": 30.481841976995106
              }
            },
            {
              "location": {
                "latitude": 39.75129543735301,
                "longitude": 30.48185842534015
              }
            },
            {
              "location": {
                "latitude": 39.75136174063955,
                "longitude": 30.48191237980865
              }
            },
            {
              "location": {
                "latitude": 39.75142210830182,
                "longitude": 30.481958497743666
              }
            },
            {
              "location": {
                "latitude": 39.75145142908596,
                "longitude": 30.481989524355903
              }
            },
            {
              "location": {
                "latitude": 39.75146312401697,
                "longitude": 30.481972175568906
              }
            },
            {
              "location": {
                "latitude": 39.75143092559329,
                "longitude": 30.481933084209388
              }
            },
            {
              "location": {
                "latitude": 39.751373290154994,
                "longitude": 30.48188418245822
              }
            }
          ],
          "visited": false,
          "visit_time": null
        }
      ]
    }
  ],
  "created_time": "2025-05-22T12:56:17",
  "updated_time": "2025-05-22T12:56:17"
}