<?xml version="1.0" ?>
<Route4Plan xmlns:xsi="http://www.w3.org/2001/XMLSchema-instance">
    <Solution Name="newesoguv32-c05-ds1" ProblemType="CEVRP" ObjectiveFunction="MinDistance" ChargingStrategy="FullCharge" NumberOfCustomers="5" BatteryCapacity="3000" MaxSpeed="12.5" VehicleMass="1000" MaximumLoadCapacityVolume="0" MaximumLoadCapacityKg="350" BatteryRechargingRate="0.18" EnergyConsumptionRate="1.0">
        <PerformanceMeasure>
            <Runtime>0.264326810836792</Runtime>
            <StartTime>0</StartTime>
            <TotalDistance>4345.209999999999</TotalDistance>
            <TotalDuration>3901.3088</TotalDuration>
            <TotalEnergyConsumption>470.09</TotalEnergyConsumption>
            <TotalTardiness>1835.6496000000002</TotalTardiness>
            <TotalChargingTime>0</TotalChargingTime>
            <NumberOfNodes>9</NumberOfNodes>
            <NumberOfServedCustomers>5</NumberOfServedCustomers>
            <NumberOfChargeStation>0</NumberOfChargeStation>
        </PerformanceMeasure>
        <Routes>
            <Route RouteId="Route 1" VehicleId="Vehicle 1" DriverId="Driver 1">
                <PerformanceMeasure>
                    <StartTime>0</StartTime>
                    <RouteDistance>2844.3199999999997</RouteDistance>
                    <RouteDuration>2081.9072</RouteDuration>
                    <RouteEnergyConsumption>325.46999999999997</RouteEnergyConsumption>
                    <RouteTardiness>1835.6496000000002</RouteTardiness>
                    <RouteChargingTime>0</RouteChargingTime>
                    <NumberOfNodes>5</NumberOfNodes>
                    <NumberOfChargeStation>0</NumberOfChargeStation>
                </PerformanceMeasure>
                <Nodes>
                    <Node NodeId="cs5" NodeType="Depot">
                        <Location>
                            <Latitude>39.751377</Latitude>
                            <Longitude>30.481888</Longitude>
                            <Elevation>0</Elevation>
                        </Location>
                        <ServiceInformation>
                            <ReadyTime>0</ReadyTime>
                            <WaitingTime>0</WaitingTime>
                            <ServiceTime>0</ServiceTime>
                            <DueDate>0</DueDate>
                            <ArrivalTime>0</ArrivalTime>
                        </ServiceInformation>
                        <LoadInformation>
                            <Weight>0</Weight>
                            <Volume>0</Volume>
                            <Units>0</Units>
                        </LoadInformation>
                        <PerformanceMeasure>
                            <AccDistance>0</AccDistance>
                            <AccDuration>0</AccDuration>
                            <AccEnergy>0</AccEnergy>
                            <AccTardiness>0</AccTardiness>
                            <RemainingCharge>3000</RemainingCharge>
                            <RemainingCapacity>
                                <Volume>0</Volume>
                                <Weight>0</Weight>
                            </RemainingCapacity>
                            <RemainingPayload>
                                <Volume>0</Volume>
                                <Weight>350</Weight>
                            </RemainingPayload>
                        </PerformanceMeasure>
                    </Node>
                    <Node NodeId="115" NodeType="Customer">
                        <Location>
                            <Latitude>39.7523728688112</Latitude>
                            <Longitude>30.49019735592993</Longitude>
                            <Elevation>0</Elevation>
                        </Location>
                        <ServiceInformation>
                            <ReadyTime>1459</ReadyTime>
                            <WaitingTime>1374.3616</WaitingTime>
                            <ServiceTime>180</ServiceTime>
                            <DueDate>1531</DueDate>
                            <ArrivalTime>84.6384</ArrivalTime>
                        </ServiceInformation>
                        <LoadInformation>
                            <Weight>76</Weight>
                            <Volume>0</Volume>
                            <Units>4</Units>
                        </LoadInformation>
                        <PerformanceMeasure>
                            <AccDistance>1057.98</AccDistance>
                            <AccDuration>1639.0</AccDuration>
                            <AccEnergy>124.91</AccEnergy>
                            <AccTardiness>0</AccTardiness>
                            <RemainingCharge>1942.02</RemainingCharge>
                            <RemainingCapacity>
                                <Volume>0</Volume>
                                <Weight>76.0</Weight>
                            </RemainingCapacity>
                            <RemainingPayload>
                                <Volume>0</Volume>
                                <Weight>274</Weight>
                            </RemainingPayload>
                        </PerformanceMeasure>
                    </Node>
                    <Node NodeId="2" NodeType="Customer">
                        <Location>
                            <Latitude>39.751938002852754</Latitude>
                            <Longitude>30.49231551642376</Longitude>
                            <Elevation>0</Elevation>
                        </Location>
                        <ServiceInformation>
                            <ReadyTime>257</ReadyTime>
                            <WaitingTime>1374.3616</WaitingTime>
                            <ServiceTime>120</ServiceTime>
                            <DueDate>303</DueDate>
                            <ArrivalTime>1668.7152</ArrivalTime>
                        </ServiceInformation>
                        <LoadInformation>
                            <Weight>95</Weight>
                            <Volume>0</Volume>
                            <Units>5</Units>
                        </LoadInformation>
                        <PerformanceMeasure>
                            <AccDistance>1429.42</AccDistance>
                            <AccDuration>1788.7152</AccDuration>
                            <AccEnergy>170.51999999999998</AccEnergy>
                            <AccTardiness>1365.7152</AccTardiness>
                            <RemainingCharge>1570.58</RemainingCharge>
                            <RemainingCapacity>
                                <Volume>0</Volume>
                                <Weight>171.0</Weight>
                            </RemainingCapacity>
                            <RemainingPayload>
                                <Volume>0</Volume>
                                <Weight>179</Weight>
                            </RemainingPayload>
                        </PerformanceMeasure>
                    </Node>
                    <Node NodeId="32" NodeType="Customer">
                        <Location>
                            <Latitude>39.75248734145033</Latitude>
                            <Longitude>30.488123296873173</Longitude>
                            <Elevation>0</Elevation>
                        </Location>
                        <ServiceInformation>
                            <ReadyTime>1322</ReadyTime>
                            <WaitingTime>1374.3616</WaitingTime>
                            <ServiceTime>180</ServiceTime>
                            <DueDate>1378</DueDate>
                            <ArrivalTime>1847.9344</ArrivalTime>
                        </ServiceInformation>
                        <LoadInformation>
                            <Weight>76</Weight>
                            <Volume>0</Volume>
                            <Units>4</Units>
                        </LoadInformation>
                        <PerformanceMeasure>
                            <AccDistance>2169.66</AccDistance>
                            <AccDuration>2027.9344</AccDuration>
                            <AccEnergy>272.09999999999997</AccEnergy>
                            <AccTardiness>1835.6496000000002</AccTardiness>
                            <RemainingCharge>830.3399999999999</RemainingCharge>
                            <RemainingCapacity>
                                <Volume>0</Volume>
                                <Weight>247.0</Weight>
                            </RemainingCapacity>
                            <RemainingPayload>
                                <Volume>0</Volume>
                                <Weight>103</Weight>
                            </RemainingPayload>
                        </PerformanceMeasure>
                    </Node>
                    <Node NodeId="cs5" NodeType="Depot">
                        <Location>
                            <Latitude>39.751377</Latitude>
                            <Longitude>30.481888</Longitude>
                            <Elevation>0</Elevation>
                        </Location>
                        <ServiceInformation>
                            <ReadyTime>0</ReadyTime>
                            <WaitingTime>0</WaitingTime>
                            <ServiceTime>0</ServiceTime>
                            <DueDate>0</DueDate>
                            <ArrivalTime>2081.9072</ArrivalTime>
                        </ServiceInformation>
                        <LoadInformation>
                            <Weight>0</Weight>
                            <Volume>0</Volume>
                            <Units>0</Units>
                        </LoadInformation>
                        <PerformanceMeasure>
                            <AccDistance>2844.3199999999997</AccDistance>
                            <AccDuration>2081.9072</AccDuration>
                            <AccEnergy>325.46999999999997</AccEnergy>
                            <AccTardiness>1835.6496000000002</AccTardiness>
                            <RemainingCharge>155.67999999999995</RemainingCharge>
                            <RemainingCapacity>
                                <Volume>0</Volume>
                                <Weight>247.0</Weight>
                            </RemainingCapacity>
                            <RemainingPayload>
                                <Volume>0</Volume>
                                <Weight>103</Weight>
                            </RemainingPayload>
                        </PerformanceMeasure>
                    </Node>
                </Nodes>
            </Route>
            <Route RouteId="Route 2" VehicleId="Vehicle 2" DriverId="Driver 2">
                <PerformanceMeasure>
                    <StartTime>2081.9072</StartTime>
                    <RouteDistance>1500.8899999999999</RouteDistance>
                    <RouteDuration>1819.4016</RouteDuration>
                    <RouteEnergyConsumption>144.62</RouteEnergyConsumption>
                    <RouteTardiness>0</RouteTardiness>
                    <RouteChargingTime>0</RouteChargingTime>
                    <NumberOfNodes>4</NumberOfNodes>
                    <NumberOfChargeStation>0</NumberOfChargeStation>
                </PerformanceMeasure>
                <Nodes>
                    <Node NodeId="cs5" NodeType="Depot">
                        <Location>
                            <Latitude>39.751377</Latitude>
                            <Longitude>30.481888</Longitude>
                            <Elevation>0</Elevation>
                        </Location>
                        <ServiceInformation>
                            <ReadyTime>0</ReadyTime>
                            <WaitingTime>0</WaitingTime>
                            <ServiceTime>0</ServiceTime>
                            <DueDate>0</DueDate>
                            <ArrivalTime>0</ArrivalTime>
                        </ServiceInformation>
                        <LoadInformation>
                            <Weight>0</Weight>
                            <Volume>0</Volume>
                            <Units>0</Units>
                        </LoadInformation>
                        <PerformanceMeasure>
                            <AccDistance>0</AccDistance>
                            <AccDuration>0</AccDuration>
                            <AccEnergy>0</AccEnergy>
                            <AccTardiness>0</AccTardiness>
                            <RemainingCharge>3000</RemainingCharge>
                            <RemainingCapacity>
                                <Volume>0</Volume>
                                <Weight>0</Weight>
                            </RemainingCapacity>
                            <RemainingPayload>
                                <Volume>0</Volume>
                                <Weight>350</Weight>
                            </RemainingPayload>
                        </PerformanceMeasure>
                    </Node>
                    <Node NodeId="42B" NodeType="Customer">
                        <Location>
                            <Latitude>39.752332547967136</Latitude>
                            <Longitude>30.481199405139684</Longitude>
                            <Elevation>0</Elevation>
                        </Location>
                        <ServiceInformation>
                            <ReadyTime>649</ReadyTime>
                            <WaitingTime>620.0888</WaitingTime>
                            <ServiceTime>120</ServiceTime>
                            <DueDate>729</DueDate>
                            <ArrivalTime>28.911199999999997</ArrivalTime>
                        </ServiceInformation>
                        <LoadInformation>
                            <Weight>95</Weight>
                            <Volume>0</Volume>
                            <Units>5</Units>
                        </LoadInformation>
                        <PerformanceMeasure>
                            <AccDistance>361.39</AccDistance>
                            <AccDuration>769.0</AccDuration>
                            <AccEnergy>22.7</AccEnergy>
                            <AccTardiness>0</AccTardiness>
                            <RemainingCharge>2638.61</RemainingCharge>
                            <RemainingCapacity>
                                <Volume>0</Volume>
                                <Weight>95.0</Weight>
                            </RemainingCapacity>
                            <RemainingPayload>
                                <Volume>0</Volume>
                                <Weight>255</Weight>
                            </RemainingPayload>
                        </PerformanceMeasure>
                    </Node>
                    <Node NodeId="35" NodeType="Customer">
                        <Location>
                            <Latitude>39.75231982730744</Latitude>
                            <Longitude>30.48578821561364</Longitude>
                            <Elevation>0</Elevation>
                        </Location>
                        <ServiceInformation>
                            <ReadyTime>1649</ReadyTime>
                            <WaitingTime>1459.3303999999998</WaitingTime>
                            <ServiceTime>120</ServiceTime>
                            <DueDate>1731</DueDate>
                            <ArrivalTime>809.7584</ArrivalTime>
                        </ServiceInformation>
                        <LoadInformation>
                            <Weight>19</Weight>
                            <Volume>0</Volume>
                            <Units>1</Units>
                        </LoadInformation>
                        <PerformanceMeasure>
                            <AccDistance>870.87</AccDistance>
                            <AccDuration>1769.0</AccDuration>
                            <AccEnergy>76.67</AccEnergy>
                            <AccTardiness>0</AccTardiness>
                            <RemainingCharge>2129.13</RemainingCharge>
                            <RemainingCapacity>
                                <Volume>0</Volume>
                                <Weight>114.0</Weight>
                            </RemainingCapacity>
                            <RemainingPayload>
                                <Volume>0</Volume>
                                <Weight>236</Weight>
                            </RemainingPayload>
                        </PerformanceMeasure>
                    </Node>
                    <Node NodeId="cs5" NodeType="Depot">
                        <Location>
                            <Latitude>39.751377</Latitude>
                            <Longitude>30.481888</Longitude>
                            <Elevation>0</Elevation>
                        </Location>
                        <ServiceInformation>
                            <ReadyTime>0</ReadyTime>
                            <WaitingTime>0</WaitingTime>
                            <ServiceTime>0</ServiceTime>
                            <DueDate>0</DueDate>
                            <ArrivalTime>1819.4016</ArrivalTime>
                        </ServiceInformation>
                        <LoadInformation>
                            <Weight>0</Weight>
                            <Volume>0</Volume>
                            <Units>0</Units>
                        </LoadInformation>
                        <PerformanceMeasure>
                            <AccDistance>1500.8899999999999</AccDistance>
                            <AccDuration>1819.4016</AccDuration>
                            <AccEnergy>144.62</AccEnergy>
                            <AccTardiness>0</AccTardiness>
                            <RemainingCharge>1499.1100000000001</RemainingCharge>
                            <RemainingCapacity>
                                <Volume>0</Volume>
                                <Weight>114.0</Weight>
                            </RemainingCapacity>
                            <RemainingPayload>
                                <Volume>0</Volume>
                                <Weight>236</Weight>
                            </RemainingPayload>
                        </PerformanceMeasure>
                    </Node>
                </Nodes>
            </Route>
        </Routes>
    </Solution>
</Route4Plan>
