<?xml version="1.0" ?>
<Route4Plan xmlns:xsi="http://www.w3.org/2001/XMLSchema-instance">
    <Solution Name="newesoguv32-c10-ds1" ProblemType="CEVRP" ObjectiveFunction="MinDistance" ChargingStrategy="FullCharge" NumberOfCustomers="10" BatteryCapacity="3000" MaxSpeed="12.5" VehicleMass="1000" MaximumLoadCapacityVolume="0" MaximumLoadCapacityKg="350" BatteryRechargingRate="0.18" EnergyConsumptionRate="1.0">
        <PerformanceMeasure>
            <Runtime>2.238600969314575</Runtime>
            <StartTime>0</StartTime>
            <TotalDistance>5807.389999999999</TotalDistance>
            <TotalDuration>4347.7906</TotalDuration>
            <TotalEnergyConsumption>621.6200000000001</TotalEnergyConsumption>
            <TotalTardiness>5174.994200000001</TotalTardiness>
            <TotalChargingTime>280.69379999999995</TotalChargingTime>
            <NumberOfNodes>15</NumberOfNodes>
            <NumberOfServedCustomers>10</NumberOfServedCustomers>
            <NumberOfChargeStation>1</NumberOfChargeStation>
        </PerformanceMeasure>
        <Routes>
            <Route RouteId="Route 1" VehicleId="Vehicle 1" DriverId="Driver 1">
                <PerformanceMeasure>
                    <StartTime>0</StartTime>
                    <RouteDistance>1975.1299999999999</RouteDistance>
                    <RouteDuration>1783.6576</RouteDuration>
                    <RouteEnergyConsumption>153.23000000000002</RouteEnergyConsumption>
                    <RouteTardiness>1735.2272000000003</RouteTardiness>
                    <RouteChargingTime>0</RouteChargingTime>
                    <NumberOfNodes>6</NumberOfNodes>
                    <NumberOfChargeStation>0</NumberOfChargeStation>
                </PerformanceMeasure>
                <Nodes>
                    <Node NodeId="cs5" NodeType="Depot">
                        <Location>
                            <Latitude>39.751377</Latitude>
                            <Longitude>30.481888</Longitude>
                            <Elevation>0</Elevation>
                        </Location>
                        <ServiceInformation>
                            <ReadyTime>0</ReadyTime>
                            <WaitingTime>0</WaitingTime>
                            <ServiceTime>0</ServiceTime>
                            <DueDate>0</DueDate>
                            <ArrivalTime>0</ArrivalTime>
                        </ServiceInformation>
                        <LoadInformation>
                            <Weight>0</Weight>
                            <Volume>0</Volume>
                            <Units>0</Units>
                        </LoadInformation>
                        <PerformanceMeasure>
                            <AccDistance>0</AccDistance>
                            <AccDuration>0</AccDuration>
                            <AccEnergy>0</AccEnergy>
                            <AccTardiness>0</AccTardiness>
                            <RemainingCharge>3000</RemainingCharge>
                            <RemainingCapacity>
                                <Volume>0</Volume>
                                <Weight>0</Weight>
                            </RemainingCapacity>
                            <RemainingPayload>
                                <Volume>0</Volume>
                                <Weight>350</Weight>
                            </RemainingPayload>
                        </PerformanceMeasure>
                    </Node>
                    <Node NodeId="119" NodeType="Customer">
                        <Location>
                            <Latitude>39.75296835298104</Latitude>
                            <Longitude>30.48642990735077</Longitude>
                            <Elevation>0</Elevation>
                        </Location>
                        <ServiceInformation>
                            <ReadyTime>858</ReadyTime>
                            <WaitingTime>809.728</WaitingTime>
                            <ServiceTime>120</ServiceTime>
                            <DueDate>906</DueDate>
                            <ArrivalTime>48.272</ArrivalTime>
                        </ServiceInformation>
                        <LoadInformation>
                            <Weight>95</Weight>
                            <Volume>0</Volume>
                            <Units>5</Units>
                        </LoadInformation>
                        <PerformanceMeasure>
                            <AccDistance>603.4</AccDistance>
                            <AccDuration>978.0</AccDuration>
                            <AccEnergy>41.02</AccEnergy>
                            <AccTardiness>0</AccTardiness>
                            <RemainingCharge>2396.6</RemainingCharge>
                            <RemainingCapacity>
                                <Volume>0</Volume>
                                <Weight>95.0</Weight>
                            </RemainingCapacity>
                            <RemainingPayload>
                                <Volume>0</Volume>
                                <Weight>255</Weight>
                            </RemainingPayload>
                        </PerformanceMeasure>
                    </Node>
                    <Node NodeId="34" NodeType="Customer">
                        <Location>
                            <Latitude>39.75298331855789</Latitude>
                            <Longitude>30.48744815284683</Longitude>
                            <Elevation>0</Elevation>
                        </Location>
                        <ServiceInformation>
                            <ReadyTime>34</ReadyTime>
                            <WaitingTime>809.728</WaitingTime>
                            <ServiceTime>240</ServiceTime>
                            <DueDate>78</DueDate>
                            <ArrivalTime>984.9904</ArrivalTime>
                        </ServiceInformation>
                        <LoadInformation>
                            <Weight>38</Weight>
                            <Volume>0</Volume>
                            <Units>2</Units>
                        </LoadInformation>
                        <PerformanceMeasure>
                            <AccDistance>690.78</AccDistance>
                            <AccDuration>1224.9904000000001</AccDuration>
                            <AccEnergy>44.92</AccEnergy>
                            <AccTardiness>906.9904</AccTardiness>
                            <RemainingCharge>2309.22</RemainingCharge>
                            <RemainingCapacity>
                                <Volume>0</Volume>
                                <Weight>133.0</Weight>
                            </RemainingCapacity>
                            <RemainingPayload>
                                <Volume>0</Volume>
                                <Weight>217</Weight>
                            </RemainingPayload>
                        </PerformanceMeasure>
                    </Node>
                    <Node NodeId="24" NodeType="Customer">
                        <Location>
                            <Latitude>39.75075840001727</Latitude>
                            <Longitude>30.48876465362253</Longitude>
                            <Elevation>0</Elevation>
                        </Location>
                        <ServiceInformation>
                            <ReadyTime>366</ReadyTime>
                            <WaitingTime>809.728</WaitingTime>
                            <ServiceTime>120</ServiceTime>
                            <DueDate>427</DueDate>
                            <ArrivalTime>1255.2368000000001</ArrivalTime>
                        </ServiceInformation>
                        <LoadInformation>
                            <Weight>38</Weight>
                            <Volume>0</Volume>
                            <Units>2</Units>
                        </LoadInformation>
                        <PerformanceMeasure>
                            <AccDistance>1068.86</AccDistance>
                            <AccDuration>1375.2368000000001</AccDuration>
                            <AccEnergy>98.65</AccEnergy>
                            <AccTardiness>1735.2272000000003</AccTardiness>
                            <RemainingCharge>1931.1399999999999</RemainingCharge>
                            <RemainingCapacity>
                                <Volume>0</Volume>
                                <Weight>171.0</Weight>
                            </RemainingCapacity>
                            <RemainingPayload>
                                <Volume>0</Volume>
                                <Weight>179</Weight>
                            </RemainingPayload>
                        </PerformanceMeasure>
                    </Node>
                    <Node NodeId="22A" NodeType="Customer">
                        <Location>
                            <Latitude>39.75073912772263</Latitude>
                            <Longitude>30.489428025110282</Longitude>
                            <Elevation>0</Elevation>
                        </Location>
                        <ServiceInformation>
                            <ReadyTime>1476</ReadyTime>
                            <WaitingTime>905.6471999999998</WaitingTime>
                            <ServiceTime>240</ServiceTime>
                            <DueDate>1540</DueDate>
                            <ArrivalTime>1380.0808000000002</ArrivalTime>
                        </ServiceInformation>
                        <LoadInformation>
                            <Weight>95</Weight>
                            <Volume>0</Volume>
                            <Units>5</Units>
                        </LoadInformation>
                        <PerformanceMeasure>
                            <AccDistance>1129.4099999999999</AccDistance>
                            <AccDuration>1716.0</AccDuration>
                            <AccEnergy>98.51</AccEnergy>
                            <AccTardiness>1735.2272000000003</AccTardiness>
                            <RemainingCharge>1870.59</RemainingCharge>
                            <RemainingCapacity>
                                <Volume>0</Volume>
                                <Weight>266.0</Weight>
                            </RemainingCapacity>
                            <RemainingPayload>
                                <Volume>0</Volume>
                                <Weight>84</Weight>
                            </RemainingPayload>
                        </PerformanceMeasure>
                    </Node>
                    <Node NodeId="cs5" NodeType="Depot">
                        <Location>
                            <Latitude>39.751377</Latitude>
                            <Longitude>30.481888</Longitude>
                            <Elevation>0</Elevation>
                        </Location>
                        <ServiceInformation>
                            <ReadyTime>0</ReadyTime>
                            <WaitingTime>0</WaitingTime>
                            <ServiceTime>0</ServiceTime>
                            <DueDate>0</DueDate>
                            <ArrivalTime>1783.6576</ArrivalTime>
                        </ServiceInformation>
                        <LoadInformation>
                            <Weight>0</Weight>
                            <Volume>0</Volume>
                            <Units>0</Units>
                        </LoadInformation>
                        <PerformanceMeasure>
                            <AccDistance>1975.1299999999999</AccDistance>
                            <AccDuration>1783.6576</AccDuration>
                            <AccEnergy>153.23000000000002</AccEnergy>
                            <AccTardiness>1735.2272000000003</AccTardiness>
                            <RemainingCharge>1024.87</RemainingCharge>
                            <RemainingCapacity>
                                <Volume>0</Volume>
                                <Weight>266.0</Weight>
                            </RemainingCapacity>
                            <RemainingPayload>
                                <Volume>0</Volume>
                                <Weight>84</Weight>
                            </RemainingPayload>
                        </PerformanceMeasure>
                    </Node>
                </Nodes>
            </Route>
            <Route RouteId="Route 2" VehicleId="Vehicle 2" DriverId="Driver 2">
                <PerformanceMeasure>
                    <StartTime>1783.6576</StartTime>
                    <RouteDistance>3832.2599999999998</RouteDistance>
                    <RouteDuration>2564.1330000000003</RouteDuration>
                    <RouteEnergyConsumption>468.39000000000004</RouteEnergyConsumption>
                    <RouteTardiness>3439.7670000000007</RouteTardiness>
                    <RouteChargingTime>280.69379999999995</RouteChargingTime>
                    <NumberOfNodes>9</NumberOfNodes>
                    <NumberOfChargeStation>1</NumberOfChargeStation>
                </PerformanceMeasure>
                <Nodes>
                    <Node NodeId="cs5" NodeType="Depot">
                        <Location>
                            <Latitude>39.751377</Latitude>
                            <Longitude>30.481888</Longitude>
                            <Elevation>0</Elevation>
                        </Location>
                        <ServiceInformation>
                            <ReadyTime>0</ReadyTime>
                            <WaitingTime>0</WaitingTime>
                            <ServiceTime>0</ServiceTime>
                            <DueDate>0</DueDate>
                            <ArrivalTime>0</ArrivalTime>
                        </ServiceInformation>
                        <LoadInformation>
                            <Weight>0</Weight>
                            <Volume>0</Volume>
                            <Units>0</Units>
                        </LoadInformation>
                        <PerformanceMeasure>
                            <AccDistance>0</AccDistance>
                            <AccDuration>0</AccDuration>
                            <AccEnergy>0</AccEnergy>
                            <AccTardiness>0</AccTardiness>
                            <RemainingCharge>3000</RemainingCharge>
                            <RemainingCapacity>
                                <Volume>0</Volume>
                                <Weight>0</Weight>
                            </RemainingCapacity>
                            <RemainingPayload>
                                <Volume>0</Volume>
                                <Weight>350</Weight>
                            </RemainingPayload>
                        </PerformanceMeasure>
                    </Node>
                    <Node NodeId="45" NodeType="Customer">
                        <Location>
                            <Latitude>39.750766906930814</Latitude>
                            <Longitude>30.486305858422877</Longitude>
                            <Elevation>0</Elevation>
                        </Location>
                        <ServiceInformation>
                            <ReadyTime>996</ReadyTime>
                            <WaitingTime>954.9832</WaitingTime>
                            <ServiceTime>180</ServiceTime>
                            <DueDate>1064</DueDate>
                            <ArrivalTime>41.0168</ArrivalTime>
                        </ServiceInformation>
                        <LoadInformation>
                            <Weight>38</Weight>
                            <Volume>0</Volume>
                            <Units>2</Units>
                        </LoadInformation>
                        <PerformanceMeasure>
                            <AccDistance>512.71</AccDistance>
                            <AccDuration>1176.0</AccDuration>
                            <AccEnergy>51.72</AccEnergy>
                            <AccTardiness>0</AccTardiness>
                            <RemainingCharge>2487.29</RemainingCharge>
                            <RemainingCapacity>
                                <Volume>0</Volume>
                                <Weight>38.0</Weight>
                            </RemainingCapacity>
                            <RemainingPayload>
                                <Volume>0</Volume>
                                <Weight>312</Weight>
                            </RemainingPayload>
                        </PerformanceMeasure>
                    </Node>
                    <Node NodeId="13" NodeType="Customer">
                        <Location>
                            <Latitude>39.75071222428621</Latitude>
                            <Longitude>30.491328732190222</Longitude>
                            <Elevation>0</Elevation>
                        </Location>
                        <ServiceInformation>
                            <ReadyTime>1362</ReadyTime>
                            <WaitingTime>1079.3272000000002</WaitingTime>
                            <ServiceTime>120</ServiceTime>
                            <DueDate>1437</DueDate>
                            <ArrivalTime>1237.656</ArrivalTime>
                        </ServiceInformation>
                        <LoadInformation>
                            <Weight>38</Weight>
                            <Volume>0</Volume>
                            <Units>2</Units>
                        </LoadInformation>
                        <PerformanceMeasure>
                            <AccDistance>1283.41</AccDistance>
                            <AccDuration>1482.0</AccDuration>
                            <AccEnergy>147.42000000000002</AccEnergy>
                            <AccTardiness>0</AccTardiness>
                            <RemainingCharge>1716.59</RemainingCharge>
                            <RemainingCapacity>
                                <Volume>0</Volume>
                                <Weight>76.0</Weight>
                            </RemainingCapacity>
                            <RemainingPayload>
                                <Volume>0</Volume>
                                <Weight>274</Weight>
                            </RemainingPayload>
                        </PerformanceMeasure>
                    </Node>
                    <Node NodeId="14" NodeType="Customer">
                        <Location>
                            <Latitude>39.75043628839028</Latitude>
                            <Longitude>30.49134030075124</Longitude>
                            <Elevation>0</Elevation>
                        </Location>
                        <ServiceInformation>
                            <ReadyTime>1622</ReadyTime>
                            <WaitingTime>1216.8584</WaitingTime>
                            <ServiceTime>120</ServiceTime>
                            <DueDate>1668</DueDate>
                            <ArrivalTime>1484.4688</ArrivalTime>
                        </ServiceInformation>
                        <LoadInformation>
                            <Weight>57</Weight>
                            <Volume>0</Volume>
                            <Units>3</Units>
                        </LoadInformation>
                        <PerformanceMeasure>
                            <AccDistance>1314.27</AccDistance>
                            <AccDuration>1742.0</AccDuration>
                            <AccEnergy>146.79000000000002</AccEnergy>
                            <AccTardiness>0</AccTardiness>
                            <RemainingCharge>1685.73</RemainingCharge>
                            <RemainingCapacity>
                                <Volume>0</Volume>
                                <Weight>133.0</Weight>
                            </RemainingCapacity>
                            <RemainingPayload>
                                <Volume>0</Volume>
                                <Weight>217</Weight>
                            </RemainingPayload>
                        </PerformanceMeasure>
                    </Node>
                    <Node NodeId="cs8" NodeType="ChargeStation">
                        <Location>
                            <Latitude>39.75085019506137</Latitude>
                            <Longitude>30.492754516229088</Longitude>
                            <Elevation>0</Elevation>
                        </Location>
                        <ServiceInformation>
                            <ReadyTime>0</ReadyTime>
                            <WaitingTime>0</WaitingTime>
                            <ServiceTime>280.69379999999995</ServiceTime>
                            <DueDate>0</DueDate>
                            <ArrivalTime>0</ArrivalTime>
                        </ServiceInformation>
                        <LoadInformation>
                            <Weight>0</Weight>
                            <Volume>0</Volume>
                            <Units>0</Units>
                        </LoadInformation>
                        <PerformanceMeasure>
                            <AccDistance>1559.4099999999999</AccDistance>
                            <AccDuration>2042.305</AccDuration>
                            <AccEnergy>174.43</AccEnergy>
                            <AccTardiness>0</AccTardiness>
                            <RemainingCharge>1440.5900000000001</RemainingCharge>
                            <RemainingCapacity>
                                <Volume>0</Volume>
                                <Weight>133.0</Weight>
                            </RemainingCapacity>
                            <RemainingPayload>
                                <Volume>0</Volume>
                                <Weight>217</Weight>
                            </RemainingPayload>
                        </PerformanceMeasure>
                    </Node>
                    <Node NodeId="113" NodeType="Customer">
                        <Location>
                            <Latitude>39.75308993647627</Latitude>
                            <Longitude>30.493415230335774</Longitude>
                            <Elevation>0</Elevation>
                        </Location>
                        <ServiceInformation>
                            <ReadyTime>1175</ReadyTime>
                            <WaitingTime>1216.8584</WaitingTime>
                            <ServiceTime>100</ServiceTime>
                            <DueDate>1248</DueDate>
                            <ArrivalTime>2065.1986</ArrivalTime>
                        </ServiceInformation>
                        <LoadInformation>
                            <Weight>38</Weight>
                            <Volume>0</Volume>
                            <Units>2</Units>
                        </LoadInformation>
                        <PerformanceMeasure>
                            <AccDistance>1845.58</AccDistance>
                            <AccDuration>2165.1986</AccDuration>
                            <AccEnergy>192.95000000000002</AccEnergy>
                            <AccTardiness>817.1986000000002</AccTardiness>
                            <RemainingCharge>2713.83</RemainingCharge>
                            <RemainingCapacity>
                                <Volume>0</Volume>
                                <Weight>171.0</Weight>
                            </RemainingCapacity>
                            <RemainingPayload>
                                <Volume>0</Volume>
                                <Weight>179</Weight>
                            </RemainingPayload>
                        </PerformanceMeasure>
                    </Node>
                    <Node NodeId="26" NodeType="Customer">
                        <Location>
                            <Latitude>39.753632440087195</Latitude>
                            <Longitude>30.489956322270203</Longitude>
                            <Elevation>0</Elevation>
                        </Location>
                        <ServiceInformation>
                            <ReadyTime>474</ReadyTime>
                            <WaitingTime>1216.8584</WaitingTime>
                            <ServiceTime>120</ServiceTime>
                            <DueDate>531</DueDate>
                            <ArrivalTime>2203.1802000000002</ArrivalTime>
                        </ServiceInformation>
                        <LoadInformation>
                            <Weight>76</Weight>
                            <Volume>0</Volume>
                            <Units>4</Units>
                        </LoadInformation>
                        <PerformanceMeasure>
                            <AccDistance>2320.35</AccDistance>
                            <AccDuration>2323.1802000000002</AccDuration>
                            <AccEnergy>249.91000000000003</AccEnergy>
                            <AccTardiness>2489.3788000000004</AccTardiness>
                            <RemainingCharge>2239.06</RemainingCharge>
                            <RemainingCapacity>
                                <Volume>0</Volume>
                                <Weight>247.0</Weight>
                            </RemainingCapacity>
                            <RemainingPayload>
                                <Volume>0</Volume>
                                <Weight>103</Weight>
                            </RemainingPayload>
                        </PerformanceMeasure>
                    </Node>
                    <Node NodeId="31" NodeType="Customer">
                        <Location>
                            <Latitude>39.752940711050194</Latitude>
                            <Longitude>30.48307218165666</Longitude>
                            <Elevation>0</Elevation>
                        </Location>
                        <ServiceInformation>
                            <ReadyTime>1372</ReadyTime>
                            <WaitingTime>1216.8584</WaitingTime>
                            <ServiceTime>120</ServiceTime>
                            <DueDate>1448</DueDate>
                            <ArrivalTime>2398.3882000000003</ArrivalTime>
                        </ServiceInformation>
                        <LoadInformation>
                            <Weight>57</Weight>
                            <Volume>0</Volume>
                            <Units>3</Units>
                        </LoadInformation>
                        <PerformanceMeasure>
                            <AccDistance>3260.45</AccDistance>
                            <AccDuration>2518.3882000000003</AccDuration>
                            <AccEnergy>402.57000000000005</AccEnergy>
                            <AccTardiness>3439.7670000000007</AccTardiness>
                            <RemainingCharge>1298.96</RemainingCharge>
                            <RemainingCapacity>
                                <Volume>0</Volume>
                                <Weight>304.0</Weight>
                            </RemainingCapacity>
                            <RemainingPayload>
                                <Volume>0</Volume>
                                <Weight>46</Weight>
                            </RemainingPayload>
                        </PerformanceMeasure>
                    </Node>
                    <Node NodeId="cs5" NodeType="Depot">
                        <Location>
                            <Latitude>39.751377</Latitude>
                            <Longitude>30.481888</Longitude>
                            <Elevation>0</Elevation>
                        </Location>
                        <ServiceInformation>
                            <ReadyTime>0</ReadyTime>
                            <WaitingTime>0</WaitingTime>
                            <ServiceTime>0</ServiceTime>
                            <DueDate>0</DueDate>
                            <ArrivalTime>2564.1330000000003</ArrivalTime>
                        </ServiceInformation>
                        <LoadInformation>
                            <Weight>0</Weight>
                            <Volume>0</Volume>
                            <Units>0</Units>
                        </LoadInformation>
                        <PerformanceMeasure>
                            <AccDistance>3832.2599999999998</AccDistance>
                            <AccDuration>2564.1330000000003</AccDuration>
                            <AccEnergy>468.39000000000004</AccEnergy>
                            <AccTardiness>3439.7670000000007</AccTardiness>
                            <RemainingCharge>727.1500000000001</RemainingCharge>
                            <RemainingCapacity>
                                <Volume>0</Volume>
                                <Weight>304.0</Weight>
                            </RemainingCapacity>
                            <RemainingPayload>
                                <Volume>0</Volume>
                                <Weight>46</Weight>
                            </RemainingPayload>
                        </PerformanceMeasure>
                    </Node>
                </Nodes>
            </Route>
        </Routes>
    </Solution>
</Route4Plan>
